universe,period,factor_id,name,intro,algorithmIntro,compound_return_1q,annual_return_1q,annual_ex_return_1q,max_drawdown_1q,sharpe_1q,turnover_mean_1q,compound_return_5q,annual_return_5q,annual_ex_return_5q,max_drawdown_5q,sharpe_5q,turnover_mean_5q,compound_return_ls,annual_return_ls,max_drawdown_ls,sharpe_ls,turnover_mean_ls,annual_return_bm,ic_mean,ir,good_ic,status,compound_return_ls2,annual_return_ls2,max_drawdown_ls2,sharpe_ls2,turnover_mean_ls2
hs300,10y,890afd4816dac7d620b888bdb66a3ba7,net_profit_to_total_operate_revenue_ttm,净利润与营业总收入之比, 净利润与营业总收入之比=净利润（TTM）/营业总收入（TTM）,0.842226,0.065013,0.021429,0.315989,0.133660,0.007333,1.491862,0.098699,0.053736,0.436962,0.300191,0.005232,0.273185,0.025212,0.406915,-0.118223,0.006282,0.042670,0.003456,0.040021,0.813531,0,-0.325176,-0.039736,0.533609,-0.637436,0.006282
hs300,10y,4e5f8ad2b5aedd30418776b97c01353c,PSY,心理线指标, n日内连续上涨的天数/n *100。 本因子的计算窗口为12日。,0.938070,0.070596,0.026784,0.312757,0.177670,0.232142,0.558815,0.046829,0.003989,0.528251,0.036861,0.244196,-0.231558,-0.026788,0.497258,-0.562450,0.238169,0.042670,-0.014301,-0.134683,0.841584,0,0.135006,0.013141,0.263702,-0.226189,0.238169
hs300,10y,59f2906b8017722e3adf92584c7b532c,VROC12,12日量变动速率指标, 成交量减N日前的成交量，再除以N日前的成交量，放大100倍，得到VROC值 ，n=12,0.789183,0.061810,0.018357,0.409499,0.117358,0.552021,0.858737,0.065993,0.022369,0.319616,0.135716,0.525269,-0.018842,-0.001959,0.436448,-0.357022,0.538645,0.042670,-0.015767,-0.164491,0.833333,0,-0.108567,-0.011778,0.498046,-0.440570,0.538645
hs300,10y,3326f8d81af9f3c31fe7f6fac5853086,TVMA6,6日成交金额的移动平均值, 6日成交金额的移动平均值,0.994732,0.073782,0.029839,0.244443,0.229977,0.061245,1.089852,0.078951,0.034796,0.389399,0.181293,0.070508,0.088113,0.008744,0.463188,-0.241162,0.065876,0.042670,-0.019017,-0.135179,0.902228,0,-0.219136,-0.025178,0.537862,-0.502889,0.065876
hs300,10y,b5276ba4712b5848b373443768c033d1,total_operating_revenue_per_share_ttm,每股营业总收入TTM, 营业总收入（TTM）除以总股本,1.093528,0.079146,0.034984,0.310423,0.278640,0.007511,0.966741,0.072218,0.028339,0.440429,0.160481,0.005082,-0.031296,-0.003273,0.385598,-0.362423,0.006296,0.042670,-0.001283,-0.015995,0.817657,0,-0.100983,-0.010915,0.269889,-0.426427,0.006296
hs300,10y,9a2a55c921755d1752e20f08786a3fa3,cfo_to_ev,经营活动产生的现金流量净额与企业价值之比TTM, 经营活动产生的现金流量净额TTM / 企业价值。其中，企业价值=司市值+负债合计-货币资金,0.444167,0.038617,-0.003887,0.373250,-0.007484,0.014543,0.797565,0.062322,0.018848,0.314652,0.117431,0.017416,0.197326,0.018739,0.245837,-0.212269,0.015979,0.042670,0.009150,0.106319,0.823432,0,-0.242241,-0.028192,0.415779,-0.680838,0.015979
hs300,10y,6bfcd7699fef654ca8e7ad6e0c060b42,accounts_payable_turnover_days,应付账款周转天数, 应付账款周转天数 = 360 / 应付账款周转率,0.789944,0.061857,0.018402,0.364410,0.128640,0.006062,0.462477,0.039967,-0.002592,0.481493,-0.000157,0.005799,-0.185601,-0.020943,0.380891,-0.479791,0.005930,0.042670,-0.002687,-0.029471,0.834639,0,0.050047,0.005047,0.324731,-0.275176,0.005930
hs300,10y,c43525a38a9da918fd90ad3ee2e4259e,net_profit_ratio,销售净利率, 售净利率=净利润（TTM）/营业收入（TTM）,0.748723,0.059309,0.015959,0.322290,0.103295,0.006935,1.462598,0.097362,0.052454,0.447332,0.291030,0.006348,0.329162,0.029769,0.393374,-0.081441,0.006641,0.042670,0.003258,0.038060,0.810644,0,-0.354438,-0.044114,0.541952,-0.669596,0.006641
hs300,10y,47b71ab698facc5d64183d54d55ddf4c,net_non_operating_income_to_total_profit,营业外收支利润净额/利润总额, 营业外收支利润净额/利润总额,1.416295,0.095217,0.050396,0.354712,0.288149,0.011756,1.085282,0.078707,0.034563,0.302168,0.223589,0.012156,-0.212769,-0.024362,0.326808,-0.583446,0.011956,0.042670,0.001653,0.023302,0.780528,0,0.128860,0.012574,0.177506,-0.248619,0.011956
hs300,10y,74a4f729f40813cc81278ec6474d569f,operating_revenue_growth_rate,营业收入增长率, 营业收入增长率=（今年营业收入（TTM）/去年营业收入（TTM））-1,0.376910,0.033523,-0.008772,0.324736,-0.036890,0.011086,1.751024,0.109964,0.064540,0.515124,0.313457,0.009804,0.952349,0.071407,0.539890,0.203756,0.010445,0.042670,-0.000663,-0.006283,0.847772,0,-0.593312,-0.088582,0.674657,-0.834195,0.010445
hs300,10y,0a986c66a4ea1e4265102bd0fe38a6dd,net_working_capital,净运营资本, 流动资产 － 流动负债,0.389346,0.034481,-0.007853,0.309194,-0.033469,0.009828,1.787203,0.111460,0.065975,0.357613,0.372330,0.007589,0.994556,0.073772,0.180680,0.324264,0.008709,0.042670,0.009753,0.118911,0.803630,0,-0.548795,-0.078769,0.569926,-1.140377,0.008709
hs300,10y,b69b75a8ec7d65d70c21865a503002f5,VEMA10,成交量的10日指数移动平均,,1.246120,0.087002,0.042518,0.474800,0.254021,0.028573,0.800341,0.062491,0.019010,0.358708,0.113129,0.031464,-0.233337,-0.027021,0.594567,-0.556159,0.030019,0.042670,-0.006596,-0.068888,0.837459,0,0.132997,0.012956,0.556822,-0.224419,0.030019
hs300,10y,d92a2d34423d4402a6e2d7d1d0a871ee,VR,成交量比率（Volume Ratio）, VR=（AVS+1/2CVS）/（BVS+1/2CVS）,0.395321,0.034939,-0.007414,0.407392,-0.028316,0.174195,1.188175,0.084077,0.039712,0.413582,0.229128,0.178382,0.469241,0.040462,0.348009,0.003398,0.176289,0.042670,-0.014909,-0.123986,0.863861,0,-0.430995,-0.056473,0.472176,-0.710065,0.176289
hs300,10y,1af15b8afe4c1ca97b1455573203775f,VOL5,5日平均换手率," 5日换手率的均值,单位为%",0.692677,0.055758,0.012553,0.327077,0.098293,0.076349,0.363565,0.032486,-0.009767,0.571768,-0.028895,0.079332,-0.140187,-0.015451,0.519602,-0.329271,0.077840,0.042670,-0.027520,-0.190425,0.903878,0,-0.116635,-0.012704,0.467578,-0.312961,0.077840
hs300,10y,0546043137d18dbbeac064b850e06c94,BR,意愿指标, BR=N日内（当日最高价－昨日收盘价）之和 / N日内（昨日收盘价－当日最低价）之和×100 n设定为26,-0.023646,-0.002464,-0.043287,0.452246,-0.250998,0.147271,4.032104,0.181260,0.132918,0.308872,0.686187,0.148601,3.925179,0.178647,0.282186,0.911945,0.147936,0.042670,-0.010497,-0.077001,0.885726,0,-0.837932,-0.171056,0.838755,-1.388211,0.147936
hs300,10y,69c9bf5ccabf51b53938181c49f76d24,total_operating_revenue_ttm,营业总收入TTM, 计算过去12个月的 营业总收入 之和,1.165839,0.082931,0.038613,0.465129,0.219319,0.015344,1.006096,0.074411,0.030442,0.316447,0.194582,0.007910,-0.176691,-0.019844,0.421628,-0.454990,0.011627,0.042670,0.007033,0.056929,0.879950,0,0.027005,0.002751,0.421871,-0.283201,0.011627
hs300,10y,97ea91007d49262c3d90fd2837e2a227,VEMA12,12日成交量的移动平均值,,1.315452,0.090414,0.045790,0.467773,0.272714,0.025388,0.767760,0.060492,0.017093,0.363451,0.103093,0.028027,-0.269450,-0.031849,0.602813,-0.596957,0.026707,0.042670,-0.006267,-0.065536,0.838696,0,0.189406,0.018043,0.549411,-0.182433,0.026707
hs300,10y,240751133683ef41d51f201f51063c89,operating_profit_ttm,营业利润TTM, 计算过去12个月 营业利润 之和,0.925967,0.069905,0.026121,0.317519,0.187893,0.017344,0.996672,0.073889,0.029942,0.348427,0.184144,0.010712,0.025749,0.002624,0.239966,-0.359921,0.014028,0.042670,0.010661,0.089509,0.867987,0,-0.121899,-0.013312,0.228238,-0.513385,0.014028
hs300,10y,73cc4b2c4a70cc9ca6f70c63d1f2942c,fixed_asset_ratio,固定资产比率, 固定资产比率=(固定资产+工程物资+在建工程)/总资产,1.633668,0.104986,0.059766,0.378504,0.313752,0.004696,1.307408,0.090023,0.045415,0.426953,0.254256,0.003450,-0.193579,-0.021936,0.313589,-0.544634,0.004073,0.042670,0.003506,0.042453,0.811056,0,0.093881,0.009294,0.277727,-0.270016,0.004073
hs300,10y,72128a3606a92c8bf8824032d2689ea4,Variance120,120日收益方差, 取121个交易日的收盘价，算出日收益率，再取方差,0.548107,0.046085,0.003276,0.333729,0.042277,0.023831,0.629371,0.051617,0.008581,0.588822,0.044247,0.025284,0.112386,0.011041,0.630704,-0.150940,0.024558,0.042670,-0.024859,-0.142910,0.914604,0,-0.370977,-0.046668,0.636431,-0.451726,0.024558
hs300,10y,b77351b8a93eef9c0473a09d9e4b5a6e,account_receivable_turnover_days,应收账款周转天数, 应收账款周转天数=360/应收账款周转率,0.358165,0.032064,-0.010172,0.444491,-0.041891,0.007277,0.951997,0.071387,0.027542,0.473069,0.145077,0.004602,0.436286,0.038031,0.244716,-0.018655,0.005939,0.042670,0.001810,0.022138,0.810722,0,-0.375084,-0.047312,0.459712,-0.827305,0.005939
hs300,10y,faafcde1d1fd3df7e2a0989e80617ea1,net_operate_cash_flow_ttm,经营活动现金流量净额TTM, 计算过去12个月 经营活动产生的现金流量净值 之和,0.775551,0.060973,0.017555,0.345290,0.120625,0.015124,1.317660,0.090521,0.045893,0.281910,0.270678,0.010571,0.278778,0.025675,0.258419,-0.152340,0.012848,0.042670,0.009547,0.098965,0.840759,0,-0.282283,-0.033616,0.455417,-0.782875,0.012848
hs300,10y,110aa5d1285ae46b497f02656aca6ca0,operating_revenue_ttm,营业收入TTM, 计算过去12个月的 营业收入 之和,1.134951,0.081328,0.037076,0.467106,0.211003,0.015490,0.935814,0.070468,0.026660,0.317757,0.172450,0.008109,-0.194828,-0.022092,0.455842,-0.470946,0.011800,0.042670,0.007103,0.057455,0.882474,0,0.049286,0.004972,0.434530,-0.265673,0.011800
hs300,10y,4f2c061f28f2d1c2e767fdb10973dedc,TVMA20,20日成交金额的移动平均值, 20日成交金额的移动平均值,0.995290,0.073812,0.029868,0.276793,0.227107,0.028099,1.063857,0.077559,0.033462,0.383861,0.174409,0.030926,0.072134,0.007206,0.455638,-0.252789,0.029512,0.042670,-0.015169,-0.106525,0.903465,0,-0.207734,-0.023720,0.520607,-0.491186,0.029512
hs300,10y,3febe9cd4f813e2b8093f3c2d21d3c48,DAVOL5,5日平均换手率与120日平均换手率, 5日平均换手率 / 120日平均换手率,0.722105,0.057636,0.014353,0.465593,0.100523,0.139224,1.075649,0.078192,0.034069,0.423535,0.191658,0.144753,0.165868,0.015947,0.359341,-0.191985,0.141988,0.042670,-0.019086,-0.180110,0.856023,0,-0.263399,-0.031025,0.526423,-0.566904,0.141988
hs300,10y,fc7dea9003d8d9a3aace3846b7e54300,cash_and_equivalents_per_share,每股现金及现金等价物余额, 每股现金及现金等价物余额,0.543828,0.045787,0.002990,0.310701,0.036500,0.013299,1.509735,0.099509,0.054513,0.429802,0.286077,0.011567,0.648122,0.052859,0.354056,0.103916,0.012433,0.042670,0.002894,0.037299,0.799092,0,-0.477045,-0.064647,0.556977,-0.845694,0.012433
hs300,10y,12e7fc1c1bf7aecdb87be5e12e5dff89,VDIFF,计算VMACD因子的中间变量, EMA(VOLUME，SHORT)-EMA(VOLUME，LONG) short设置为12，long设置为26，M设置为9,0.542526,0.045696,0.002902,0.404827,0.032082,0.145411,1.776266,0.111009,0.065543,0.339715,0.397389,0.159402,0.701462,0.056321,0.226610,0.149263,0.152406,0.042670,-0.012702,-0.133192,0.839109,0,-0.476687,-0.064581,0.569034,-0.956411,0.152406
hs300,10y,dc94a5f9418ee6b33b0c9dbe60c266fd,total_asset_growth_rate,总资产增长率, 总资产 / 总资产_4 -1,0.312196,0.028406,-0.013680,0.336433,-0.068498,0.012299,1.066121,0.077681,0.033579,0.577680,0.165539,0.009595,0.597286,0.049463,0.528593,0.066598,0.010947,0.042670,-0.004454,-0.043386,0.817732,0,-0.485344,-0.066188,0.597457,-0.747288,0.010947
hs300,10y,1728ca506fe146103314c080240fba15,leverage,杠杆因子, 0.38 * 市场杠杆 + 0.35 * 资产负债率 + 0.27 * 账面杠杆,1.750150,0.109927,0.064505,0.541710,0.315235,0.002770,1.044849,0.076532,0.032477,0.288418,0.222541,0.002227,-0.450786,-0.059910,0.683277,-0.498516,0.002498,0.042670,0.010892,0.056653,0.914604,0,0.233182,0.021843,0.627159,-0.090596,0.002498
hs300,10y,fe6cb0f367f950d59f45073dd46bbe96,WVAD,威廉变异离散量, (收盘价－开盘价)/(最高价－最低价)×成交量，再做加和，使用过去6个交易日的数据,1.635348,0.105059,0.059836,0.282834,0.355281,0.318600,0.450345,0.039074,-0.003448,0.387521,-0.005223,0.309433,-0.497816,-0.068547,0.608315,-0.841747,0.314017,0.042670,-0.018232,-0.162864,0.857261,0,0.694466,0.055873,0.406884,0.123090,0.314017
hs300,10y,35459f632aab054c24b820e547957ebe,DEGM,毛利率增长, 毛利率增长=(今年毛利率（TTM）/去年毛利率（TTM）)-1,0.643169,0.052532,0.009459,0.421943,0.063568,0.011693,1.344882,0.091834,0.047153,0.389192,0.257060,0.012280,0.363296,0.032465,0.218795,-0.070928,0.011986,0.042670,0.006342,0.087072,0.787954,0,-0.342560,-0.042316,0.426609,-0.774837,0.011986
hs300,10y,ef8ba9fb1b1742d50264cffb35ae65d0,MAWVAD,因子WVAD的6日均值,,0.527734,0.044658,0.001907,0.386679,0.026008,0.168104,1.459426,0.097216,0.052314,0.380366,0.319351,0.164370,0.490529,0.042006,0.328388,0.015921,0.166237,0.042670,-0.007760,-0.069074,0.873350,0,-0.424860,-0.055430,0.589991,-0.757473,0.166237
hs300,10y,8be192ad5c1aa7aacb5b80089b1e5c2d,sale_expense_to_operating_revenue,营业费用与营业总收入之比, 营业费用与营业总收入之比=销售费用（TTM）/营业总收入（TTM）,2.762234,0.146369,0.099455,0.391750,0.484260,0.006066,1.304594,0.089885,0.045284,0.523916,0.222356,0.004524,-0.424950,-0.055445,0.589637,-0.777798,0.005295,0.042670,0.001893,0.019046,0.854785,0,0.502569,0.042870,0.344201,0.023392,0.005295
hs300,10y,7c9600cf26aba1471c9863d9f475b442,surplus_reserve_fund_per_share,每股盈余公积金, 每股盈余公积金,0.329548,0.029800,-0.012343,0.474756,-0.056511,0.009540,1.415731,0.095190,0.050371,0.269442,0.329432,0.005806,0.694666,0.055886,0.224460,0.159679,0.007673,0.042670,0.011052,0.141126,0.805281,0,-0.463987,-0.062265,0.537729,-1.027945,0.007673
hs300,10y,56bb4d00ab76c11692bf3f919a54e731,VSTD10,10日成交量标准差, 10日成交量去标准差,1.094081,0.079176,0.035012,0.495191,0.212999,0.066773,0.714699,0.057166,0.013903,0.362027,0.087208,0.063496,-0.215038,-0.024652,0.604933,-0.553001,0.065134,0.042670,-0.009006,-0.094838,0.836634,0,0.115792,0.011359,0.566022,-0.244978,0.065134
hs300,10y,cbd154577ea28a4408c074323b08b094,interest_carry_current_liability,带息流动负债, 流动负债合计 - 无息流动负债,1.066944,0.077725,0.033621,0.544152,0.179327,0.012758,1.406250,0.094746,0.049945,0.350857,0.281477,0.008594,0.031034,0.003156,0.510367,-0.269535,0.010676,0.042670,0.005594,0.050183,0.853548,0,-0.190854,-0.021596,0.509017,-0.450606,0.010676
hs300,10y,e0bdee2542938f27120caff4bd892978,operating_tax_to_operating_revenue_ratio_ttm,销售税金率, 销售税金率=营业税金及附加（TTM）/营业收入（TTM）,1.079876,0.078419,0.034286,0.431893,0.191768,0.005770,1.679802,0.106966,0.061665,0.373426,0.340262,0.005222,0.200369,0.019006,0.333090,-0.182297,0.005496,0.042670,0.003818,0.053178,0.775990,0,-0.267481,-0.031580,0.472059,-0.621552,0.005496
hs300,10y,77c1a9a6e01d2c1dde9ba825616adc2c,inventory_turnover_days,存货周转天数, 存货周转天数=360/存货周转率,0.612123,0.050464,0.007476,0.457664,0.054609,0.005122,1.448017,0.096690,0.051810,0.499228,0.256001,0.003870,0.505041,0.043047,0.241024,0.025611,0.004496,0.042670,-0.000762,-0.008584,0.818069,0,-0.420847,-0.054752,0.479203,-0.796375,0.004496
hs300,10y,5c63d2b9caa67f0e71fd9bbcbbc25a73,OperatingCycle,营业周期, 应收账款周转天数+存货周转天数,0.848164,0.065366,0.021768,0.481110,0.122478,0.009408,0.647252,0.052801,0.009717,0.422299,0.060947,0.006221,-0.186216,-0.021019,0.500924,-0.431483,0.007815,0.042670,-0.000779,-0.007271,0.839521,0,0.012171,0.001248,0.414502,-0.274026,0.007815
hs300,10y,42e1a4af002150e906864890e331bbc2,ATR14,14日均幅指标, 真实振幅的14日移动平均,0.483342,0.041487,-0.001135,0.327318,0.008569,0.027841,1.863222,0.114547,0.068936,0.502724,0.336745,0.034288,0.934299,0.070381,0.503408,0.223749,0.031065,0.042670,-0.003115,-0.026630,0.870875,0,-0.567760,-0.082838,0.684854,-0.904668,0.031065
hs300,10y,fba26911e0155422954c277139d6f4a2,net_operate_cash_flow_to_operate_income,经营活动产生的现金流量净额与经营活动净收益之比, 经营活动产生的现金流量净额（TTM）/(营业总收入（TTM）-营业总成本（TTM）,0.480028,0.041247,-0.001365,0.328229,0.007138,0.010683,0.626369,0.051417,0.008390,0.286997,0.063808,0.009986,0.060588,0.006083,0.238920,-0.361441,0.010335,0.042670,0.003357,0.052305,0.754125,0,-0.134300,-0.014758,0.347962,-0.583527,0.010335
hs300,10y,3ed1159e9fa172296c136ae3263aa121,net_operating_cash_flow_coverage,净利润现金含量, 经营活动产生的现金流量净额/归属于母公司所有者的净利润,0.343411,0.030902,-0.011286,0.298980,-0.054494,0.018950,0.740682,0.058806,0.015476,0.320965,0.109643,0.018964,0.263904,0.024439,0.206993,-0.190175,0.018957,0.042670,0.002517,0.039093,0.763201,0,-0.258558,-0.030370,0.423783,-0.859999,0.018957
hs300,10y,b2e630f64fa356b0e6763ec003451b30,net_operate_cashflow_growth_rate,经营活动产生的现金流量净额增长率, =(今年经营活动产生的现金流量净额（TTM）/去年经营活动产生的现金流量净额（TTM）)-1,0.426102,0.037270,-0.005179,0.365449,-0.014986,0.012942,1.332003,0.091215,0.046558,0.419030,0.284202,0.014601,0.573919,0.047870,0.209437,0.092757,0.013771,0.042670,0.000069,0.001075,0.755776,0,-0.407540,-0.052536,0.412787,-1.090626,0.013771
hs300,10y,94e586922c1d4165681e9fc855f4f05d,sale_expense_ttm,销售费用TTM, 计算过去12个月 销售费用 之和,1.864718,0.114607,0.068994,0.418016,0.385462,0.011925,0.751844,0.059504,0.016145,0.317331,0.101926,0.007132,-0.432679,-0.056762,0.510818,-0.799364,0.009528,0.042670,0.005095,0.046745,0.854433,0,0.529036,0.044749,0.297597,0.039236,0.009528
hs300,10y,f50e494710dcac8976422aff2105d926,retained_earnings,留存收益, =盈余公积金+未分配利润,0.939737,0.070691,0.026875,0.397788,0.173987,0.016376,1.043508,0.076459,0.032407,0.322980,0.202999,0.008878,-0.013906,-0.001443,0.295462,-0.340636,0.012627,0.042670,0.012448,0.099794,0.867574,0,-0.121499,-0.013266,0.318766,-0.437815,0.012627
hs300,10y,e44d034b6444931486872607a22b0e44,total_operating_cost_ttm,营业总成本TTM, 计算过去12个月的 营业总成本 之和,1.061243,0.077419,0.033327,0.511123,0.186959,0.012979,0.967566,0.072265,0.028384,0.314966,0.184427,0.007571,-0.163764,-0.018269,0.518497,-0.435390,0.010275,0.042670,0.006089,0.050436,0.878300,0,0.005157,0.000530,0.515377,-0.294921,0.010275
hs300,10y,0e9eaab81176d239dfc1876ea6f715ef,quick_ratio,速动比率, 速动比率=(流动资产合计-存货)/ 流动负债合计,0.857913,0.065944,0.022322,0.317777,0.138356,0.006618,2.067819,0.122506,0.076569,0.476112,0.386653,0.006153,0.597115,0.049452,0.372139,0.072102,0.006385,0.042670,0.000622,0.008462,0.791667,0,-0.470051,-0.063365,0.636738,-0.788504,0.006385
hs300,10y,dea7a4d6982aa86763721c43630672c1,Skewness20,个股收益的20日偏度, 取21个交易日的收盘价数据，计算日收益率，再计算其偏度,0.119355,0.011692,-0.029710,0.463322,-0.166444,0.160112,1.679619,0.106958,0.061658,0.309687,0.354033,0.151750,1.314066,0.090346,0.213788,0.429467,0.155931,0.042670,-0.006745,-0.074780,0.802393,0,-0.621923,-0.095410,0.633448,-1.155083,0.155931
hs300,10y,9ace91b613578dda4fa73c70b9bc9291,total_profit_growth_rate,利润总额增长率, 利润总额增长率=(今年利润总额（TTM）/去年利润总额（TTM）)-1,0.510526,0.043438,0.000737,0.280810,0.019373,0.012067,1.138525,0.081515,0.037255,0.514618,0.191599,0.011822,0.398043,0.035147,0.428316,-0.036097,0.011944,0.042670,0.003600,0.036926,0.831271,0,-0.399756,-0.051260,0.502333,-0.678824,0.011944
hs300,10y,bdaccb093df433c168b39c86c5871a25,non_operating_net_profit_ttm,营业外收支净额TTM, 营业外收入（TTM） - 营业外支出（TTM）,1.067359,0.077748,0.033642,0.302651,0.224688,0.008246,0.672184,0.054433,0.011282,0.298560,0.092164,0.007251,-0.226841,-0.026174,0.314041,-0.887325,0.007748,0.042670,-0.001082,-0.017846,0.744637,0,0.225464,0.021182,0.171333,-0.252329,0.007748
hs300,10y,a1d97b600643df22f30752754fc7a1bc,intangible_asset_ratio,无形资产比率, 无形资产比率=(无形资产+研发支出+商誉)/总资产,1.451905,0.096870,0.051982,0.416383,0.282117,0.004346,0.583617,0.048534,0.005624,0.386130,0.043922,0.002695,-0.388763,-0.049483,0.390122,-0.974468,0.003520,0.042670,-0.000979,-0.014082,0.779290,0,0.507451,0.043219,0.261486,0.035057,0.003520
hs300,10y,a4995a88d982db7920ce5b4c18d6dfdd,np_parent_company_owners_growth_rate,归属母公司股东的净利润增长率, (今年归属于母公司所有者的净利润（TTM）/去年归属于母公司所有者的净利润（TTM）)-1,0.370417,0.033019,-0.009255,0.312575,-0.038578,0.012486,1.064608,0.077600,0.033501,0.528911,0.175005,0.012088,0.476504,0.040991,0.428799,0.007466,0.012287,0.042670,0.003201,0.033272,0.825083,0,-0.429108,-0.056151,0.492467,-0.724541,0.012287
hs300,10y,1a532e6646eea3f843b06fe9f5f091fa,MLEV,市场杠杆, 市场杠杆=非流动负债合计/(非流动负债合计+总市值),1.349275,0.092045,0.047355,0.494627,0.244155,0.011963,0.391630,0.034657,-0.007685,0.312318,-0.028414,0.015139,-0.480016,-0.065196,0.553810,-0.810904,0.013551,0.042670,0.003790,0.033125,0.871287,0,0.633335,0.051881,0.413134,0.091583,0.013551
hs300,10y,704d3f36132afc2b5106ce3a5d4b65ba,Kurtosis20,个股收益的20日峰度, 取21个交易日的收盘价数据，计算日收益率，再计算其峰度值,1.315646,0.090423,0.045799,0.317822,0.283544,0.191064,0.914678,0.069257,0.025499,0.334386,0.162513,0.157632,-0.212799,-0.024365,0.415427,-0.618618,0.174348,0.042670,-0.001339,-0.018297,0.763614,0,0.143706,0.013939,0.298181,-0.250474,0.174348
hs300,10y,9a7cc112ce63a2360bdf6800a7703b5c,sharpe_ratio_20,20日夏普比率, （Rp - Rf） / Sigma p 其中，Rp是个股的年化收益率，Rf是无风险利率（在这里设置为0.04），Sigma p是个股的收益波动率（标准差）,0.084210,0.008370,-0.032896,0.452201,-0.187008,0.188748,1.979480,0.119130,0.073331,0.417375,0.383163,0.187022,1.628186,0.104749,0.276901,0.425541,0.187885,0.042670,-0.014928,-0.105254,0.891089,0,-0.696186,-0.115576,0.698064,-1.022476,0.187885
hs300,10y,9e80e93d22fdb3d1aeb4850f7842762e,financing_cash_growth_rate,筹资活动产生的现金流量净额增长率, 过去12个月的筹资现金流量净额 / 4季度前的12个月的筹资现金流量净额 - 1,0.911399,0.069068,0.025318,0.315033,0.165412,0.014415,0.809799,0.063065,0.019561,0.358808,0.132469,0.015273,-0.088158,-0.009469,0.262430,-0.583206,0.014844,0.042670,0.000726,0.012254,0.745875,0,0.022776,0.002324,0.314060,-0.444168,0.014844
hs300,10y,cbf4751ae951134225b3507b2c2ca197,net_invest_cash_flow_ttm,投资活动现金流量净额TTM, 计算过去12个月 投资活动现金流量净额 之和,0.785873,0.061608,0.018163,0.311387,0.119628,0.011088,0.989122,0.073470,0.029540,0.490772,0.177182,0.014288,0.080374,0.008002,0.380168,-0.330956,0.012688,0.042670,-0.001586,-0.018731,0.819719,0,-0.154614,-0.017167,0.389414,-0.591269,0.012688
hs300,10y,ab888a92a3b9b69305e51be9adf08741,debt_to_equity_ratio,产权比率, 产权比率=负债合计/归属母公司所有者权益合计,0.899994,0.068409,0.024685,0.484900,0.152785,0.007224,0.292117,0.026773,-0.015246,0.313238,-0.070700,0.005069,-0.365151,-0.045762,0.553019,-0.709089,0.006147,0.042670,0.001904,0.020331,0.847360,0,0.366767,0.032736,0.353181,-0.060063,0.006147
hs300,10y,60c4af2afdd7b48ea40d625dfd3181dd,VOL10,10日平均换手率," 10日换手率的均值,单位为%",0.379131,0.033695,-0.008608,0.338053,-0.039481,0.046315,0.394726,0.034894,-0.007458,0.585637,-0.019564,0.047103,0.084401,0.008388,0.503495,-0.188441,0.046709,0.042670,-0.025179,-0.172000,0.910066,0,-0.298111,-0.035835,0.523794,-0.452061,0.046709
hs300,10y,39f0b1d5ecf9a556fefc08525cee8cc7,DAVOL10,10日平均换手率与120日平均换手率之比, 10日平均换手率 / 120日平均换手率,0.485059,0.041611,-0.001015,0.497925,0.009127,0.085724,1.138262,0.081501,0.037242,0.433323,0.205036,0.088659,0.400270,0.035317,0.398155,-0.037665,0.087191,0.042670,-0.015188,-0.143703,0.849422,0,-0.385311,-0.048931,0.584760,-0.715281,0.087191
hs300,10y,af00f847f1149af6c0348bc31784cc1d,VDEA,计算VMACD因子的中间变量, EMA(VDIFF，M)    short设置为12，long设置为26，M设置为9,0.360825,0.032272,-0.009972,0.383549,-0.044121,0.081594,1.207701,0.085070,0.040665,0.362272,0.252086,0.087231,0.544178,0.045811,0.217680,0.054284,0.084413,0.042670,-0.009474,-0.100322,0.825495,0,-0.420579,-0.054707,0.499564,-0.884660,0.084413
hs300,10y,65a64f6de2c45a57a949677298886539,super_quick_ratio,超速动比率, （货币资金+交易性金融资产+应收票据+应收帐款+其他应收款）／流动负债合计,1.073280,0.078065,0.033947,0.303232,0.200593,0.008528,2.127338,0.124732,0.078704,0.465914,0.403797,0.008447,0.471859,0.040653,0.335818,0.005713,0.008488,0.042670,0.000877,0.011813,0.788779,0,-0.401410,-0.051530,0.506289,-0.801162,0.008488
hs300,10y,7ad66bb35f3463256c2727c23c61813d,inventory_turnover_rate,存货周转率, 存货周转率=营业成本（TTM）/存货,2.085124,0.123157,0.077193,0.428553,0.386837,0.006828,0.522824,0.044311,0.001574,0.454559,0.023146,0.005116,-0.562926,-0.081786,0.583290,-1.047665,0.005972,0.042670,0.001343,0.013388,0.829620,0,1.006470,0.074431,0.204970,0.296195,0.005972
hs300,10y,631db4190f80277dc56a2378d0e45431,financial_expense_ttm,财务费用TTM, 计算过去12个月 财务费用 之和,1.936665,0.117461,0.071731,0.435634,0.373466,0.007434,0.779206,0.061198,0.017770,0.390751,0.109632,0.006410,-0.458510,-0.061282,0.630253,-0.764601,0.006922,0.042670,-0.002912,-0.032649,0.831683,0,0.557613,0.046746,0.398822,0.050925,0.006922
hs300,10y,3f48394a23109ffaad0dc26e31f9fc81,operating_profit_growth_rate,营业利润增长率, 营业利润增长率=(今年营业利润（TTM）/去年营业利润（TTM）)-1,0.412283,0.036229,-0.006177,0.276286,-0.020901,0.011802,1.014660,0.074883,0.030895,0.505256,0.161032,0.011868,0.399459,0.035255,0.399729,-0.035028,0.011835,0.042670,0.003761,0.038749,0.833814,0,-0.401958,-0.051619,0.502977,-0.676384,0.011835
hs300,10y,2a54003d2ab0cfc955ba75f3cb394d28,retained_profit_per_share,每股未分配利润, 每股未分配利润,0.874594,0.066927,0.023265,0.321865,0.175461,0.009705,1.624725,0.104599,0.059395,0.424314,0.322663,0.006083,0.419903,0.036804,0.341463,-0.027375,0.007894,0.042670,0.002990,0.032234,0.835396,0,-0.382958,-0.048557,0.517085,-0.758575,0.007894
hs300,10y,abb01ce718f9a1e70da3b3f7a1baec6f,VSTD20,20日成交量标准差, 20日成交量去标准差,1.270617,0.088218,0.043684,0.474645,0.261741,0.037927,0.745798,0.059126,0.015783,0.358144,0.096924,0.036975,-0.263116,-0.030987,0.646633,-0.603652,0.037451,0.042670,-0.007804,-0.081925,0.831683,0,0.186731,0.017806,0.580616,-0.188729,0.037451
hs300,10y,c944036bd6f747866feedf2f9524efde,long_debt_to_working_capital_ratio,长期负债与营运资金比率, 长期负债与营运资金比率=非流动负债合计/(流动资产合计-流动负债合计),0.544267,0.045817,0.003019,0.326770,0.034431,0.008916,0.672225,0.054436,0.011284,0.419115,0.073222,0.005924,0.077416,0.007717,0.336148,-0.302768,0.007420,0.042670,0.000611,0.008879,0.769389,0,-0.168747,-0.018873,0.322726,-0.552143,0.007420
hs300,10y,31cd352d712a7c5faaceedac8f3bf0dd,current_ratio,流动比率(单季度), 流动比率=流动资产合计/流动负债合计,0.539511,0.045485,0.002700,0.438980,0.027742,0.005892,2.407706,0.134731,0.088294,0.471581,0.433258,0.006635,1.133999,0.081278,0.172044,0.324320,0.006264,0.042670,0.000335,0.004435,0.790842,0,-0.599636,-0.090053,0.616005,-1.021814,0.006264
hs300,10y,b0a2fa90a93b383bbc1455926355ca03,net_operate_cash_flow_to_net_debt,经营活动产生现金流量净额/净债务, 经营活动产生现金流量净额/净债务,1.036760,0.076092,0.032055,0.534047,0.171357,0.016921,1.124016,0.080756,0.036528,0.470972,0.199968,0.015667,-0.018331,-0.001906,0.424835,-0.425986,0.016294,0.042670,0.003101,0.045336,0.782591,0,-0.072570,-0.007737,0.420245,-0.485262,0.016294
hs300,10y,1732be9c580e81be3d885c91081d6b6b,net_operate_cash_flow_to_asset,总资产现金回收率, 经营活动产生的现金流量净额(ttm) / 总资产,0.243469,0.022719,-0.019135,0.408743,-0.095723,0.011061,1.130019,0.081070,0.036829,0.545533,0.194021,0.010144,0.705638,0.056588,0.335898,0.144786,0.010602,0.042670,0.005026,0.060389,0.819719,0,-0.483860,-0.065911,0.552873,-0.924404,0.010602
hs300,10y,823f3c708f665c33c395c90658b7c440,ATR6,6日均幅指标, 真实振幅的6日移动平均,0.678647,0.054852,0.011684,0.328094,0.085700,0.036992,1.409814,0.094913,0.050106,0.532457,0.248134,0.050106,0.439193,0.038248,0.514749,-0.012922,0.043549,0.042670,-0.004734,-0.040543,0.864686,0,-0.418708,-0.054393,0.612568,-0.696079,0.043549
hs300,10y,7c57400c6a589e6d7b739dc17ff06af5,operating_revenue_per_share_ttm,每股营业收入TTM, 营业收入（TTM）除以总股本,1.100250,0.079503,0.035326,0.307631,0.280563,0.007444,0.994678,0.073779,0.029836,0.442689,0.168347,0.005185,-0.021146,-0.002201,0.389367,-0.353896,0.006315,0.042670,-0.001242,-0.015472,0.817244,0,-0.109995,-0.011941,0.284517,-0.435578,0.006315
hs300,10y,c5a1c9cceb85b74d9403f84ea3aaf378,administration_expense_ttm,管理费用TTM, 计算过去12个月 管理费用 之和,0.929009,0.070079,0.026288,0.391457,0.184588,0.012748,0.934448,0.070390,0.026586,0.393068,0.164596,0.008517,-0.021317,-0.002219,0.256201,-0.375811,0.010633,0.042670,0.008263,0.073587,0.856023,0,-0.095918,-0.010341,0.258936,-0.448114,0.010633
hs300,10y,ac65831fe83139cfe941926bf0369105,net_interest_expense,净利息费用, 利息支出-利息收入,0.657175,0.053453,0.010342,0.311850,0.077363,0.007391,0.915807,0.069322,0.025561,0.427267,0.114783,0.012436,0.135602,0.013196,0.421161,-0.136567,0.009914,0.042670,-0.015009,-0.050217,0.946738,0,-0.394042,-0.050333,0.596092,-0.460245,0.009914
hs300,10y,8c40637870525387b80da1acd0059852,non_current_asset_ratio,非流动资产比率, 非流动资产比率=非流动资产合计/总资产,2.527698,0.138787,0.092184,0.466512,0.448611,0.005433,-0.072383,-0.007716,-0.048324,0.465301,-0.262369,0.005352,-0.776788,-0.143243,0.779861,-1.356305,0.005393,0.042670,-0.002544,-0.030485,0.809406,0,2.750154,0.145989,0.200468,0.784492,0.005393
hs300,10y,1298cb0372371423c73e3de72fdf22a0,value_change_profit_ttm,价值变动净收益TTM, 计算过去12个月 价值变动净收益 之和,1.591970,0.103170,0.058024,0.424535,0.330693,0.013381,0.429615,0.037533,-0.004926,0.373627,-0.013589,0.008963,-0.489872,-0.067038,0.544611,-0.954079,0.011172,0.042670,0.006381,0.072114,0.821782,0,0.734778,0.058435,0.256326,0.164322,0.011172
hs300,10y,75b01ffe8d8d68d2b931ff93c5864df9,net_asset_per_share,每股净资产, 归属母公司所有者权益合计除以总股本,1.139111,0.081545,0.037285,0.310172,0.277566,0.008580,1.048411,0.076725,0.032662,0.446688,0.185937,0.005842,-0.017893,-0.001860,0.387274,-0.391703,0.007211,0.042670,0.001153,0.014146,0.814356,0,-0.088523,-0.009510,0.349253,-0.463293,0.007211
hs300,10y,ae22c9bdd73e5dc9c448cc8522041850,total_asset_turnover_rate,总资产周转率, 总资产周转率=营业收入(ttm)/总资产,1.702262,0.107919,0.062579,0.368103,0.333914,0.005037,1.173039,0.083301,0.038969,0.414691,0.231701,0.004556,-0.272763,-0.032302,0.540814,-0.604179,0.004796,0.042670,0.000778,0.010639,0.781766,0,0.196742,0.018688,0.383124,-0.178088,0.004796
hs300,10y,e0ae1e8724e2bf933815c1b509ab06b1,total_profit_ttm,利润总额TTM, 计算过去12个月 利润总额 之和,1.031927,0.075829,0.031802,0.294344,0.225095,0.017751,0.932896,0.070301,0.026501,0.343637,0.164869,0.010909,-0.058702,-0.006217,0.279662,-0.447571,0.014330,0.042670,0.010515,0.088046,0.870462,0,-0.041997,-0.004413,0.218833,-0.430102,0.014330
hs300,10y,4e82b87404fb4f0321dc068dfeaa2b67,Kurtosis120,个股收益的120日峰度, 取121个交易日的收盘价数据，计算日收益率，再计算其峰度值,2.129226,0.124802,0.078771,0.312560,0.477630,0.049843,0.541591,0.045631,0.002840,0.349346,0.032877,0.037893,-0.544939,-0.077961,0.601862,-0.995936,0.043868,0.042670,-0.002408,-0.024779,0.830446,0,0.917510,0.069420,0.337979,0.248390,0.043868
hs300,10y,81f03f745a8175841186da17ad4a1558,sharpe_ratio_60,60日夏普比率, （Rp - Rf） / Sigma p 其中，Rp是个股的年化收益率，Rf是无风险利率（在这里设置为0.04），Sigma p是个股的收益波动率（标准差）,0.407097,0.035836,-0.006554,0.332545,-0.024610,0.113026,1.681925,0.107056,0.061752,0.477273,0.317465,0.108255,0.802923,0.062648,0.448629,0.136591,0.110641,0.042670,-0.007460,-0.048838,0.905116,0,-0.575261,-0.084492,0.616260,-0.750821,0.110641
hs300,10y,3c7c78971513f98d863acd289d2cbe58,long_debt_to_asset_ratio,长期借款与资产总计之比, 长期借款与资产总计之比=长期借款/总资产,0.709365,0.056826,0.013577,0.415080,0.081706,0.007110,0.608445,0.050217,0.007238,0.415523,0.051270,0.006219,-0.119779,-0.013067,0.285126,-0.503834,0.006664,0.042670,0.001198,0.014755,0.811056,0,0.020207,0.002065,0.193989,-0.360173,0.006664
hs300,10y,ccf22ae47f5f38e9f78ed616be6ea24b,net_finance_cash_flow_ttm,筹资活动现金流量净额TTM, 计算过去12个月 筹资活动现金流量净额 之和,0.752533,0.059547,0.016187,0.318400,0.113034,0.009677,0.909235,0.068943,0.025198,0.327236,0.175250,0.008872,0.038741,0.003926,0.261294,-0.426743,0.009275,0.042670,-0.005152,-0.077921,0.773515,0,-0.101745,-0.011001,0.318581,-0.603327,0.009275
hs300,10y,826d31af55fadfb1852aa423108882e3,Skewness60,个股收益的60日偏度, 取61个交易日的收盘价数据，计算日收益率，再计算其偏度,0.648013,0.052851,0.009765,0.408054,0.076436,0.072944,0.586708,0.048745,0.005826,0.361060,0.047095,0.068827,-0.079728,-0.008529,0.352006,-0.390659,0.070886,0.042670,-0.010714,-0.116632,0.809406,0,-0.064412,-0.006840,0.348656,-0.377067,0.070886
hs300,10y,a231aa1349e4c161f7a820172d76c776,VOL20,20日平均换手率," 20日换手率的均值,单位为%",0.522630,0.044297,0.001561,0.354672,0.027237,0.028058,0.262499,0.024321,-0.017598,0.607310,-0.059462,0.029506,-0.105244,-0.011399,0.558575,-0.302727,0.028782,0.042670,-0.023637,-0.160981,0.899381,0,-0.154977,-0.017210,0.492363,-0.336954,0.028782
hs300,10y,07c609f26650a00041061dc7869d0270,size,市值因子, 资产规模 = 1.0 * 对数总资产 = 总资产的对数,0.017928,0.001834,-0.039165,0.455271,-0.168549,0.029663,1.301192,0.089720,0.045124,0.352363,0.264145,0.056177,0.937054,0.070538,0.267421,0.240837,0.042920,0.042670,0.009297,0.066661,0.879950,0,-0.558384,-0.080807,0.583275,-0.952730,0.042920
hs300,10y,9326598b35782418f5f62e9006c93dc9,total_operating_revenue_per_share,每股营业总收入, 每股营业总收入,1.033796,0.075931,0.031900,0.317082,0.250004,0.010469,1.188248,0.084080,0.039716,0.447949,0.217637,0.008422,0.107232,0.010557,0.410890,-0.244913,0.009445,0.042670,-0.000456,-0.005758,0.809072,0,-0.214973,-0.024644,0.328698,-0.537714,0.009445
hs300,10y,233ad4cdde7a48777467bddadf467aff,DAVOL20,20日平均换手率与120日平均换手率之比, 20日平均换手率 / 120日平均换手率,0.489985,0.041967,-0.000674,0.432414,0.011172,0.054968,1.000038,0.074076,0.030121,0.425842,0.171176,0.056296,0.307404,0.028019,0.331559,-0.101140,0.055632,0.042670,-0.013926,-0.133212,0.851546,0,-0.332472,-0.040811,0.502997,-0.682165,0.055632
hs300,10y,a8b993bc3ace93a85a3ed15503d4c9b2,debt_to_tangible_equity_ratio,有形净值债务率, 负债合计/有形净值  其中有形净值=股东权益-无形资产净值，无形资产净值= 商誉+无形资产,0.869940,0.066654,0.023003,0.466916,0.143383,0.007025,0.313447,0.028508,-0.013583,0.343431,-0.061899,0.006446,-0.340686,-0.042035,0.462017,-0.720172,0.006736,0.042670,0.001598,0.018659,0.825495,0,0.337329,0.030420,0.274906,-0.084102,0.006736
hs300,10y,ed3315e2a90f4ade7870a3adda56f182,VMACD,成交量指数平滑异同移动平均线," 快的指数移动平均线（EMA12）减去慢的指数移动平均线（EMA26）得到快线DIFF, 由DIFF的M日移动平均得到DEA，由DIFF-DEA的值得到MACD",0.807518,0.062927,0.019428,0.382533,0.127030,0.234543,1.049580,0.076788,0.032723,0.293600,0.209951,0.260861,0.062250,0.006245,0.397822,-0.314660,0.247702,0.042670,-0.009566,-0.102901,0.825083,0,-0.158008,-0.017574,0.481727,-0.536701,0.247702
hs300,10y,268b7e11e4a711f8076202d072904e93,momentum,动量因子, 动量因子=1.0*相对强弱因子=sum(w_t * ln(1 + r_t))，其中r_t取滞后21个交易日的前504个交易日的close数据，w_t为半衰期为126天的指数权重，满足w(t-126)=0.5*w(t),-0.311224,-0.037708,-0.077088,0.594398,-0.355448,0.051339,1.915796,0.116640,0.070943,0.528452,0.351338,0.053588,2.258032,0.129489,0.577557,0.385873,0.052463,0.042670,0.017432,0.077911,0.927393,0,-0.818007,-0.161087,0.835712,-0.867078,0.052463
hs300,10y,f066df34690230f10112599a64c02b55,ROAEBITTTM,总资产报酬率, （利润总额（TTM）+利息支出（TTM）） / 总资产在过去12个月的平均,0.262339,0.024308,-0.017610,0.322921,-0.087497,0.007824,1.472095,0.097797,0.052872,0.569320,0.275650,0.006821,0.894515,0.068090,0.483146,0.206059,0.007323,0.042670,0.002357,0.021115,0.867162,0,-0.559306,-0.081005,0.619373,-0.887638,0.007323
hs300,10y,f2cc7ac58bb5d5d651ea5a7db2b03bdc,operating_profit_ratio,营业利润率, 营业利润率=营业利润（TTM）/营业收入（TTM）,0.925423,0.069874,0.026091,0.303718,0.161430,0.006852,1.535842,0.100683,0.055639,0.436924,0.306031,0.006319,0.247747,0.023081,0.406121,-0.133017,0.006586,0.042670,0.003661,0.042503,0.807756,0,-0.314957,-0.038247,0.510614,-0.615167,0.006586
hs300,10y,59f8b0f789bca459452c29c8bc88c6b9,retained_earnings_per_share,每股留存收益, 每股留存收益,0.966531,0.072206,0.028328,0.327524,0.207056,0.009738,1.424914,0.095619,0.050782,0.402432,0.284573,0.006787,0.243422,0.022715,0.357235,-0.156069,0.008263,0.042670,0.003644,0.039073,0.844059,0,-0.285983,-0.034131,0.450939,-0.669324,0.008263
hs300,10y,45683e4abf8b211f5840cc424327ccbd,AR,人气指标, AR=N日内（当日最高价—当日开市价）之和 / N日内（当日开市价—当日最低价）之和 * 100，n设定为26,-0.006180,-0.000639,-0.041536,0.471120,-0.237921,0.148148,3.404541,0.165149,0.117467,0.301553,0.597975,0.147459,3.269058,0.161402,0.203230,0.814666,0.147804,0.042670,-0.013533,-0.103316,0.877063,0,-0.811335,-0.157967,0.829097,-1.328452,0.147804
hs300,10y,6769d3f379c317861273f7771c565474,long_term_debt_to_asset_ratio,长期负债与资产总计之比, 长期负债与资产总计之比=非流动负债合计/总资产,1.556308,0.101595,0.056514,0.314490,0.308735,0.007755,0.584329,0.048583,0.005671,0.451656,0.040506,0.004872,-0.399882,-0.051281,0.445106,-0.842600,0.006313,0.042670,-0.001566,-0.019687,0.813119,0,0.486970,0.041749,0.184860,0.016145,0.006313
hs300,10y,8f30f8f23298713ddc8caff48258f2dc,current_asset_turnover_rate,流动资产周转率TTM, 过去12个月的营业收入/过去12个月的平均流动资产合计,1.914151,0.116575,0.070881,0.417521,0.357130,0.006709,1.074573,0.078135,0.034014,0.323836,0.211722,0.004540,-0.386302,-0.049089,0.469376,-0.681800,0.005625,0.042670,0.001123,0.013170,0.808168,0,0.380724,0.033818,0.322539,-0.047312,0.005625
hs300,10y,2f2941f8ae4e05e428c3aad8aa3afb10,interest_free_current_liability,无息流动负债, 应付票据+应付账款+预收账款(用 预售款项 代替)+应交税费+应付利息+其他应付款+其他流动负债,0.397034,0.035070,-0.007289,0.528106,-0.024907,0.014757,1.118452,0.080464,0.036247,0.295183,0.220060,0.009453,0.377217,0.033547,0.332831,-0.053518,0.012105,0.042670,0.006786,0.065242,0.861799,0,-0.369428,-0.046427,0.495494,-0.716754,0.012105
hs300,10y,d72f801b6c243368b887d197d4c3062a,financial_expense_rate,财务费用与营业总收入之比,  = 财务费用（TTM） / 营业总收入（TTM）,1.791397,0.111632,0.066140,0.495503,0.340194,0.007724,0.248129,0.023113,-0.018756,0.444579,-0.082072,0.006630,-0.584360,-0.086534,0.604981,-1.106421,0.007177,0.042670,-0.005300,-0.071810,0.787129,0,1.118770,0.080480,0.313738,0.353964,0.007177
hs300,10y,8666f245a070ca2730e780ab27667f02,operating_profit_to_total_profit,经营活动净收益/利润总额, 经营活动净收益/利润总额,0.212910,0.020099,-0.021647,0.322285,-0.110453,0.017020,0.955191,0.071567,0.027715,0.301709,0.178294,0.017917,0.546917,0.046002,0.186605,0.069698,0.017469,0.042670,0.000530,0.009200,0.731848,0,-0.398467,-0.051050,0.444864,-1.057241,0.017469
hs300,10y,f6d65e8c0cecdbf1e1de984a20a16d00,EBIT,息税前利润, =净利润+所得税+财务费用,0.869730,0.066641,0.022991,0.277613,0.166783,0.022230,1.559166,0.101722,0.056636,0.286726,0.343395,0.016811,0.344637,0.030999,0.244846,-0.087806,0.019521,0.042670,0.012303,0.104693,0.878300,0,-0.328387,-0.040208,0.410932,-0.782435,0.019521
hs300,10y,539fa4f9f0f3bccb54e925add449d4b8,debt_to_asset_ratio,债务总资产比, 债务总资产比=负债合计/总资产,1.351855,0.092169,0.047473,0.441466,0.270271,0.004896,0.619142,0.050935,0.007927,0.372644,0.055585,0.006495,-0.352098,-0.043758,0.513357,-0.708510,0.005695,0.042670,0.000715,0.008512,0.812294,0,0.347755,0.031245,0.327122,-0.074057,0.005695
hs300,10y,9c37b54ebfeb47a04abddda09ed5b034,equity_to_fixed_asset_ratio,股东权益与固定资产比率, 股东权益与固定资产比率=股东权益/(固定资产+工程物资+在建工程),1.003329,0.074258,0.030295,0.370259,0.179310,0.004810,1.208090,0.085090,0.040684,0.493267,0.216247,0.003935,0.068496,0.006854,0.332065,-0.286461,0.004373,0.042670,0.000819,0.009636,0.827558,0,-0.178066,-0.020013,0.441076,-0.518649,0.004373
hs300,10y,f6c41b1adcc9d29ccdea404199e5b5da,Skewness120,个股收益的120日偏度, 取121个交易日的收盘价数据，计算日收益率，再计算其偏度,1.621832,0.104473,0.059274,0.325087,0.383147,0.045118,0.372522,0.033183,-0.009098,0.328389,-0.037227,0.043206,-0.503979,-0.069732,0.562562,-0.861531,0.044162,0.042670,-0.012882,-0.132736,0.819719,0,0.722264,0.057646,0.220234,0.138540,0.044162
hs300,10y,a16b562925051f3dec7031e1583fdd81,net_profit_ttm,净利润TTM, 计算过去12个月 净利润 之和,0.919057,0.069509,0.025741,0.316430,0.184663,0.017623,1.081667,0.078514,0.034378,0.303454,0.210657,0.010766,0.070291,0.007028,0.239190,-0.318712,0.014195,0.042670,0.010630,0.089882,0.874587,0,-0.157787,-0.017548,0.249359,-0.556257,0.014195
hs300,10y,80c6220cd4d709b5de1795eabd36092b,sharpe_ratio_120,120日夏普比率, （Rp - Rf） / Sigma p 其中，Rp是个股的年化收益率，Rf是无风险利率（在这里设置为0.04），Sigma p是个股的收益波动率（标准差）,0.363000,0.032442,-0.009809,0.314978,-0.043861,0.080907,1.412305,0.095030,0.050217,0.418709,0.261273,0.079799,0.662870,0.053826,0.421707,0.083209,0.080353,0.042670,-0.001263,-0.008257,0.891089,0,-0.539977,-0.076929,0.606382,-0.703718,0.080353
hs300,10y,daa4403963842ddf1386e9c0fcd71089,non_linear_size,非线性市值因子, 1.0*市值立方因子，标准化市值因子的三次方，之后将结果和标准化市值因子回归取残差（去除和市值因子的共线性），然后残差值进行缩尾处理（将3倍标准差之外的点处理成3倍标准差）和标准化,1.301631,0.089741,0.045145,0.352363,0.264257,0.056177,0.047030,0.004749,-0.036369,0.448755,-0.156445,0.032772,-0.546307,-0.078247,0.573437,-0.941446,0.044475,0.042670,-0.009052,-0.065735,0.879950,0,0.891064,0.067890,0.264279,0.222050,0.044475
hs300,10y,4d42de410a1c8518936bdef77d0dfd7f,OperateNetIncome,经营活动净收益, 经营活动净收益/利润总额(%) * 利润总额,0.444222,0.038621,-0.003883,0.368404,-0.007268,0.020354,1.275295,0.088449,0.043906,0.298873,0.278937,0.015709,0.457130,0.039574,0.241351,-0.004193,0.018031,0.042670,0.013224,0.109541,0.872525,0,-0.379091,-0.047944,0.414258,-0.865886,0.018031
hs300,10y,ae91afb312a355021f4b953639e82345,VOL60,60日平均换手率," 60日换手率的均值,单位为%",0.473010,0.040737,-0.001854,0.373716,0.004669,0.014696,0.273019,0.025198,-0.016757,0.616385,-0.056417,0.014924,-0.067797,-0.007211,0.563141,-0.280908,0.014810,0.042670,-0.020059,-0.137314,0.891089,0,-0.184344,-0.020787,0.478156,-0.361684,0.014810
hs300,10y,c4a818f4c3ced819dde2bec5fc018641,book_to_price_ratio,市净率因子,每股净资产与每股股价的比率,1.281351,0.088747,0.044192,0.618848,0.203971,0.016288,1.416997,0.095249,0.050428,0.265572,0.362461,0.013286,-0.306523,-0.037033,0.760663,-0.332933,0.014787,0.042670,0.021478,0.093264,0.945132,0,-0.142118,-0.015679,0.766774,-0.240642,0.014787
hs300,10y,72a52562f52e771df9b2e0ab1e3b6b9e,net_operate_cash_flow_to_total_liability,经营活动产生的现金流量净额/负债合计, 经营活动产生的现金流量净额/负债合计,0.070402,0.007039,-0.034173,0.570873,-0.166854,0.021090,1.107684,0.079896,0.035703,0.510700,0.192681,0.018199,0.906797,0.068802,0.249226,0.280286,0.019645,0.042670,0.005178,0.070782,0.781766,0,-0.526699,-0.074217,0.594428,-1.111493,0.019645
hs300,10y,8ff3153003e0102f5429e0c19ac64ea0,operating_revenue_per_share,每股营业收入, 每股营业收入,1.023644,0.075376,0.031368,0.318650,0.245189,0.010707,1.103594,0.079680,0.035496,0.448029,0.195972,0.008202,0.069642,0.006965,0.403076,-0.276410,0.009455,0.042670,-0.000377,-0.004754,0.807835,0,-0.186050,-0.020999,0.300069,-0.510385,0.009455
hs300,10y,fe0c5834faa65b1cda2cf70778e13f32,cash_rate_of_sales,经营活动产生的现金流量净额与营业收入之比, 经营活动产生的现金流量净额（TTM） / 营业收入（TTM）,0.656416,0.053404,0.010295,0.296435,0.077768,0.010117,0.940768,0.070750,0.026931,0.347136,0.175577,0.009478,0.124651,0.012184,0.313891,-0.286951,0.009797,0.042670,0.005459,0.074293,0.787954,0,-0.188280,-0.021276,0.388446,-0.632126,0.009797
hs300,10y,91f97e1dbf772d422f64c08db02b0e8a,operating_profit_to_operating_revenue,营业利润与营业总收入之比, 营业利润与营业总收入之比=营业利润（TTM）/营业总收入（TTM）,0.891073,0.067890,0.024188,0.314437,0.150801,0.007156,1.542922,0.100999,0.055942,0.435324,0.309064,0.006002,0.273167,0.025210,0.406870,-0.116972,0.006579,0.042670,0.003769,0.043468,0.812294,0,-0.327386,-0.040060,0.530894,-0.633192,0.006579
hs300,10y,901b4cf8464b832175dd2091753e1663,net_operate_cash_flow_per_share,每股经营活动产生的现金流量净额, 每股经营活动产生的现金流量净额,0.903648,0.068620,0.024888,0.307077,0.170927,0.021073,1.240471,0.086720,0.042247,0.420207,0.246574,0.019148,0.177074,0.016949,0.257398,-0.259681,0.020111,0.042670,0.003351,0.047491,0.775165,0,-0.212941,-0.024384,0.356811,-0.725325,0.020111
hs300,10y,cc8fa600847a9cc5298b7974740a0e3b,turnover_volatility,换手率相对波动率, 取20个交易日个股换手率的标准差,0.441948,0.038452,-0.004045,0.378142,-0.009502,0.062247,0.193529,0.018406,-0.023271,0.500818,-0.086173,0.055835,-0.116206,-0.012654,0.422849,-0.350014,0.059041,0.042670,-0.026702,-0.202508,0.885726,0,-0.091490,-0.009843,0.426040,-0.331325,0.059041
hs300,10y,7b3939fbc0078aeea8ed66c6316bcdfa,roa_ttm,资产回报率TTM, 资产回报率=净利润（TTM）/期末总资产,0.237901,0.022246,-0.019588,0.336044,-0.099923,0.007796,1.417670,0.095281,0.050458,0.540610,0.262210,0.006615,0.889701,0.067810,0.440965,0.198628,0.007206,0.042670,0.001935,0.017578,0.865099,0,-0.562533,-0.081701,0.576328,-0.869218,0.007206
hs300,10y,738c6c072d735b9398d1132a3232efbb,admin_expense_rate,管理费用与营业总收入之比, 管理费用与营业总收入之比=管理费用（TTM）/营业总收入（TTM）,0.728046,0.058011,0.014714,0.399771,0.090532,0.006452,1.981037,0.119190,0.073389,0.391269,0.431012,0.005152,0.565731,0.047307,0.269852,0.061264,0.005802,0.042670,0.002782,0.037942,0.791667,0,-0.443679,-0.058663,0.580025,-0.827237,0.005802
hs300,10y,8e2dd0458a4161234a126cfd9f1f8b34,fixed_assets_turnover_rate,固定资产周转率, 等于过去12个月的营业收入/过去12个月的平均（固定资产+工程物资+在建工程）,1.107277,0.079875,0.035682,0.284974,0.273814,0.004817,0.370450,0.033022,-0.009253,0.449231,-0.033355,0.004619,-0.321239,-0.039160,0.458653,-0.676677,0.004718,0.042670,-0.003326,-0.044781,0.792492,0,0.290119,0.026609,0.234806,-0.114469,0.004718
hs300,10y,c620f8839ac2fa707d1cb6a401c8d5a4,net_profit_growth_rate,净利润增长率, 净利润增长率=(今年净利润（TTM）/去年净利润（TTM）)-1,0.504006,0.042973,0.000291,0.313247,0.016766,0.012133,1.082039,0.078534,0.034397,0.511066,0.178579,0.012516,0.366533,0.032717,0.391139,-0.054577,0.012325,0.042670,0.003229,0.033422,0.830858,0,-0.384313,-0.048772,0.471324,-0.665269,0.012325
hs300,10y,a07424988f433e6b01873872d8ad73fc,invest_income_associates_to_total_profit,对联营和合营公司投资收益/利润总额, 对联营和营公司投资收益/利润总额,0.542699,0.045708,0.002914,0.334531,0.031946,0.017668,0.634501,0.051958,0.008908,0.372363,0.061241,0.014762,0.044234,0.004472,0.272541,-0.371467,0.016215,0.042670,0.002123,0.034787,0.744637,0,-0.123648,-0.013515,0.218415,-0.559533,0.016215
hs300,10y,1b956245a8fab84a7eaacbf96857e67b,EBITDA,息税折旧摊销前利润,  =营业收入－经营成本－营业税及附加,0.770321,0.060651,0.017245,0.332802,0.130436,0.026971,1.153943,0.082316,0.038024,0.377860,0.229974,0.021498,0.204018,0.019325,0.272293,-0.196857,0.024235,0.042670,0.010982,0.096953,0.865099,0,-0.253715,-0.029719,0.411436,-0.663834,0.024235
hs300,10y,2e3c54efae05ad183352a88a24a60891,asset_impairment_loss_ttm,资产减值损失TTM, 计算过去12个月 资产减值损失 之和,0.975419,0.072705,0.028806,0.388060,0.171812,0.012630,0.418848,0.036725,-0.005702,0.325458,-0.018015,0.011145,-0.333868,-0.041018,0.459329,-0.729117,0.011888,0.042670,0.000660,0.008006,0.822607,0,0.331736,0.029975,0.264068,-0.090221,0.011888
hs300,10y,53eace482f746e7440622bddebab7fd4,equity_to_asset_ratio,股东权益比率, 股东权益比率=股东权益/总资产,0.625673,0.051371,0.008345,0.371908,0.057800,0.006445,1.405587,0.094715,0.049916,0.441459,0.283617,0.004881,0.372539,0.033184,0.327659,-0.057600,0.005663,0.042670,-0.000719,-0.008566,0.812706,0,-0.363964,-0.045578,0.522710,-0.723226,0.005663
hs300,10y,32580e2cb753f9c9094ad8a4dbad3cf1,operating_profit_per_share_ttm,每股营业利润TTM, 营业利润（TTM）除以总股本,0.793660,0.062084,0.018620,0.283287,0.150238,0.010627,1.405157,0.094695,0.049896,0.463600,0.276546,0.008218,0.363837,0.032507,0.447053,-0.063310,0.009423,0.042670,0.002842,0.026048,0.858086,0,-0.359941,-0.044958,0.513148,-0.717835,0.009423
hs300,10y,c2d1a5bdd98e0ca92434a68dde37f6f2,Variance20,20日收益方差, 取21个交易日的收盘价，算出日收益率，再取方差,0.687730,0.055439,0.012247,0.312890,0.105066,0.083316,1.572626,0.102318,0.057207,0.423742,0.244941,0.085595,0.604833,0.049974,0.385452,0.055360,0.084456,0.042670,-0.024004,-0.152191,0.904703,0,-0.545263,-0.078028,0.686391,-0.655140,0.084456
hs300,10y,9c983c8706b15055e4fc6a45de13bcaf,np_parent_company_owners_ttm,归属于母公司股东的净利润TTM, 计算过去12个月 归属于母公司股东的净利润 之和,0.960453,0.071864,0.028000,0.311468,0.198866,0.017826,1.081108,0.078484,0.034349,0.306266,0.210447,0.011646,0.048633,0.004908,0.245776,-0.345090,0.014736,0.042670,0.010846,0.091640,0.872112,0,-0.137368,-0.015118,0.249712,-0.542019,0.014736
hs300,10y,e360adb5512247fc8d552c8374889119,operating_cost_ttm,营业成本TTM, 计算过去12个月的 营业成本 之和,2.212483,0.127851,0.081695,0.402214,0.462515,0.008281,1.081278,0.078494,0.034358,0.331487,0.197111,0.006047,-0.398646,-0.051079,0.527976,-0.689823,0.007164,0.042670,0.006357,0.060213,0.862211,0,0.404171,0.035614,0.283591,-0.033218,0.007164
hs300,10y,bc96e9f0c83df1584c610f8c44dce6fd,net_asset_growth_rate,净资产增长率, （当季的股东权益/三季度前的股东权益）-1,0.356443,0.031929,-0.010302,0.345602,-0.048015,0.012719,0.638191,0.052203,0.009143,0.591022,0.056106,0.009731,0.204921,0.019404,0.504951,-0.147346,0.011225,0.042670,-0.004643,-0.047101,0.817244,0,-0.313352,-0.038015,0.544089,-0.558119,0.011225
hs300,10y,2854b7e36ce8eb15310f101ad412a9fe,VOL120,120日平均换手率," 120日换手率的均值,单位为%",0.592224,0.049120,0.006186,0.346328,0.057262,0.011070,0.471875,0.040654,-0.001933,0.601970,0.002533,0.010076,-0.005857,-0.000605,0.552348,-0.250817,0.010573,0.042670,-0.018094,-0.126427,0.899340,0,-0.219895,-0.025276,0.538010,-0.403204,0.010573
hs300,10y,f23e1c4fa621e938ac138441bc39b231,VROC6,6日量变动速率指标, 成交量减N日前的成交量，再除以N日前的成交量，放大100倍，得到VROC值 ，n=6,1.635655,0.105072,0.059849,0.335772,0.351830,0.614047,0.787368,0.061699,0.018251,0.318197,0.115527,0.579293,-0.361763,-0.045238,0.403225,-0.734483,0.596670,0.042670,-0.018714,-0.196155,0.830858,0,0.374893,0.033367,0.321506,-0.057157,0.596670
hs300,10y,f97646d22481928dde960e4f53d948d6,goods_service_cash_to_operating_revenue_ttm,销售商品提供劳务收到的现金与营业收入之比, 销售商品提供劳务收到的现金与营业收入之比=销售商品和提供劳务收到的现金（TTM）/营业收入（TTM）,0.674272,0.054569,0.011412,0.549800,0.068711,0.007928,1.224100,0.085898,0.041459,0.333956,0.236424,0.010670,0.209405,0.019794,0.372943,-0.183095,0.009299,0.042670,0.004311,0.051322,0.803218,0,-0.265269,-0.031279,0.443806,-0.645895,0.009299
hs300,10y,9d1d0fd874b05a7d56e4313828616e04,cash_to_current_liability,现金比率, 期末现金及现金等价物余额/流动负债合计的12个月均值,0.136374,0.013267,-0.028200,0.399834,-0.145511,0.012881,2.331230,0.132079,0.085750,0.480113,0.427003,0.010717,1.904956,0.116211,0.222355,0.631469,0.011799,0.042670,0.002975,0.042005,0.781766,0,-0.701266,-0.117112,0.710258,-1.301797,0.011799
hs300,10y,69f75a15e44190ce0317358a8bc95b5d,net_operate_cash_flow_to_total_current_liability,现金流动负债比, 现金流动负债比=经营活动产生的现金流量净额（TTM）/流动负债合计,0.349342,0.031370,-0.010837,0.421560,-0.044693,0.011557,1.400795,0.094490,0.049700,0.493490,0.270953,0.008047,0.689328,0.055542,0.328139,0.131943,0.009802,0.042670,0.004350,0.054289,0.801980,0,-0.482649,-0.065685,0.542138,-0.897187,0.009802
hs300,10y,4263b172502a44fe2c1da890db39cb09,TVSTD20,20日成交金额的标准差, 20日成交额的标准差,1.163260,0.082798,0.038486,0.273780,0.298276,0.059085,0.992671,0.073667,0.029729,0.400799,0.156803,0.057046,-0.044941,-0.004729,0.474372,-0.332735,0.058065,0.042670,-0.020058,-0.149443,0.891502,0,-0.121257,-0.013238,0.446377,-0.396029,0.058065
hs300,10y,c63cc70e1c2b0921ae12f352e6abb6e1,ACCA,现金流资产比和资产回报率之差," 现金流资产比-资产回报率,其中现金流资产比=经营活动产生的现金流量净额/总资产",0.290085,0.026606,-0.015406,0.561135,-0.067483,0.020907,0.764246,0.060275,0.016885,0.345454,0.106731,0.022857,0.284309,0.026132,0.239681,-0.141078,0.021882,0.042670,0.002702,0.036902,0.784241,0,-0.291045,-0.034839,0.406665,-0.761303,0.021882
hs300,10y,cd478b1051ba0fcd15f1163bd0175b5d,ARBR,ARBR, 因子 AR 与因子 BR 的差,2.558081,0.139794,0.093150,0.408083,0.535324,0.172123,0.727794,0.057995,0.014698,0.347985,0.100383,0.178821,-0.548827,-0.078776,0.565041,-1.063404,0.175472,0.042670,-0.005331,-0.064441,0.808993,0,0.963441,0.072033,0.347489,0.286789,0.175472
hs300,10y,bdd17bf6cd6ceca1c6df385684f72c08,eps_ttm,每股收益TTM, 过去12个月归属母公司所有者的净利润（TTM）除以总股本,0.878281,0.067143,0.023472,0.278792,0.184615,0.010987,1.468480,0.097632,0.052713,0.460926,0.292019,0.007076,0.334174,0.030169,0.442318,-0.082418,0.009032,0.042670,0.002894,0.026454,0.862624,0,-0.347106,-0.043001,0.508697,-0.695839,0.009032
hs300,10y,422c7a9ed0e3e1e6b3db82769b917191,money_flow_20,20日资金流量, 用收盘价、最高价及最低价的均值乘以当日成交量即可得到该交易日的资金流量,1.025004,0.075450,0.031439,0.286526,0.238210,0.028223,1.003365,0.074260,0.030297,0.385773,0.158887,0.030602,0.025274,0.002576,0.455264,-0.287064,0.029413,0.042670,-0.015370,-0.107180,0.904290,0,-0.172855,-0.019374,0.513566,-0.455441,0.029413
hs300,10y,18cad1a906c33589e61657c208514bfd,roe_ttm,权益回报率TTM, 权益回报率=净利润（TTM）/期末股东权益,0.241584,0.022559,-0.019288,0.288228,-0.100943,0.008621,1.612414,0.104063,0.058881,0.553988,0.297099,0.008251,1.065649,0.077656,0.472121,0.263671,0.008436,0.042670,0.002546,0.022769,0.858557,0,-0.602880,-0.090816,0.648782,-0.915994,0.008436
hs300,10y,0f6fc346c85753d2455a58625e4ee2c2,accounts_payable_turnover_rate,应付账款周转率,"TTM(营业成本,0)/（AvgQ(应付账款,4,0) + AvgQ(应付票据,4,0) + AvgQ(预付款项,4,0) ）",0.820716,0.063724,0.020193,0.431495,0.114833,0.007069,0.906919,0.068809,0.025070,0.274333,0.170914,0.005218,-0.107607,-0.011668,0.477903,-0.376924,0.006144,0.042670,0.004207,0.045367,0.835464,0,-0.066094,-0.007025,0.432088,-0.343048,0.006144
hs300,10y,43ba5971bec8725e6a075087b9401439,gross_income_ratio,销售毛利率, 销售毛利率=(营业收入（TTM）-营业成本（TTM）)/营业收入（TTM）,0.798102,0.062355,0.018879,0.320478,0.112712,0.006266,1.847508,0.113915,0.068330,0.470328,0.347747,0.005000,0.470003,0.040517,0.426599,0.003559,0.005633,0.042670,-0.002090,-0.021956,0.850660,0,-0.445816,-0.059037,0.627965,-0.681354,0.005633
hs300,10y,9a9d4743b9161349f11fdf56b7030f97,net_debt,净债务, 总债务-期末现金及现金等价物余额,1.914225,0.116578,0.070883,0.421042,0.409874,0.009241,0.915603,0.069310,0.025550,0.331519,0.159340,0.006995,-0.394940,-0.050478,0.593524,-0.714878,0.008118,0.042670,0.006523,0.058586,0.864686,0,0.414830,0.036422,0.351720,-0.028272,0.008118
hs300,10y,230d7d11c0aae60e0d5c4e479405f2db,adjusted_profit_to_total_profit,扣除非经常损益后的净利润/净利润, 扣除非经常损益后的净利润/净利润,0.403823,0.035588,-0.006792,0.355760,-0.022702,0.014217,0.699448,0.056192,0.012969,0.341444,0.092612,0.017324,0.125946,0.012304,0.246281,-0.314902,0.015770,0.042670,-0.000097,-0.001450,0.778053,0,-0.176045,-0.019765,0.358331,-0.679530,0.015770
hs300,10y,53312b07bf326bb57cab62ab4893862e,non_recurring_gain_loss,非经常性损益, 净利润-扣除非经常损益后的净利润(元),1.212538,0.085315,0.040900,0.356606,0.254358,0.021482,1.075061,0.078161,0.034039,0.317441,0.234706,0.019716,-0.118111,-0.012874,0.320642,-0.616646,0.020599,0.042670,0.004096,0.065284,0.757013,0,0.055901,0.005623,0.240440,-0.400918,0.020599
hs300,10y,a1c4f4d170b10cdfcaea6d0f5de9773b,account_receivable_turnover_rate,应收账款周转率,"即，TTM(营业收入,0)/（AvgQ(应收账款,4,0) + AvgQ(应收票据,4,0) + AvgQ(预收账款,4,0) ）",1.594799,0.103294,0.058143,0.457899,0.294388,0.007205,0.526826,0.044594,0.001845,0.446229,0.024421,0.006096,-0.475072,-0.064283,0.547147,-0.927279,0.006651,0.042670,-0.000428,-0.004830,0.829691,0,0.684899,0.055257,0.213763,0.135662,0.006651
hs300,10y,be5bfd39ea74fdc4370ba87c5f04b00f,equity_turnover_rate,股东权益周转率, 股东权益周转率=营业收入(ttm)/股东权益,0.888140,0.067719,0.024025,0.358498,0.137712,0.007631,0.935039,0.070423,0.026618,0.354020,0.183481,0.005008,-0.100686,-0.010881,0.373813,-0.431320,0.006319,0.042670,0.004096,0.050698,0.804868,0,-0.028411,-0.002967,0.349611,-0.364234,0.006319
hs300,10y,fe6476a5687608d85761eea8e003a054,cashflow_per_share_ttm,每股现金流量净额，根据当时日期来获取最近变更日的总股本, 现金流量净额（TTM）除以总股本,0.599482,0.049612,0.006658,0.329311,0.059172,0.014606,1.137215,0.081446,0.037190,0.451335,0.217595,0.013320,0.344993,0.031027,0.329689,-0.097100,0.013963,0.042670,0.003292,0.046875,0.784653,0,-0.315619,-0.038343,0.429469,-0.847791,0.013963
hs300,10y,371480365c483fb221b5fa70cedd97d5,liquidity,流动性因子, 0.35 * 月换手率 + 0.35 * 季度平均平均月换手率 + 0.3 * 年度平均月换手率，之后将结果和市值因子做回归，取残差（去除和市值因子的共线性）,0.938583,0.070625,0.026812,0.268410,0.210352,0.014151,0.711481,0.056961,0.013706,0.598883,0.063304,0.015045,-0.096970,-0.010460,0.664935,-0.235563,0.014598,0.042670,-0.024862,-0.124890,0.924536,0,-0.290448,-0.034755,0.598363,-0.348978,0.014598
hs300,10y,08ce497c8ad471f44676da5153874878,Variance60,60日收益方差, 取61个交易日的收盘价，算出日收益率，再取方差,0.903506,0.068612,0.024881,0.304079,0.201179,0.035643,1.311578,0.090226,0.045610,0.555524,0.190282,0.039191,0.287411,0.026387,0.585218,-0.070441,0.037417,0.042670,-0.025484,-0.150433,0.919142,0,-0.459362,-0.061434,0.631371,-0.524867,0.037417
hs300,10y,a4cfe16f3b1d9f7ff0a30ea83214325e,goods_sale_and_service_render_cash_ttm,销售商品提供劳务收到的现金, 计算过去12个月 销售商品提供劳务收到的现金 之和,0.914019,0.069219,0.025463,0.504607,0.144908,0.015066,1.014306,0.074863,0.030876,0.356494,0.180315,0.007921,-0.053331,-0.005634,0.398584,-0.334002,0.011494,0.042670,0.007876,0.065271,0.867987,0,-0.118584,-0.012929,0.420942,-0.387392,0.011494
hs300,10y,71bdef597f42fc7fbd858c31239da2a8,Kurtosis60,个股收益的60日峰度, 取61个交易日的收盘价数据，计算日收益率，再计算其峰度值,1.531777,0.100501,0.055464,0.384576,0.341947,0.081070,0.771503,0.060724,0.017315,0.305423,0.117931,0.062800,-0.346092,-0.042848,0.526214,-0.715896,0.071935,0.042670,-0.002466,-0.028676,0.806518,0,0.342864,0.030859,0.423781,-0.078990,0.071935
hs300,10y,457b5d5ad540d99afe0177db90f262ed,VEMA5,成交量的5日指数移动平均,,1.181562,0.083738,0.039388,0.497490,0.236579,0.046798,0.627590,0.051499,0.008468,0.362236,0.057881,0.050056,-0.286698,-0.034230,0.622641,-0.614340,0.048427,0.042670,-0.007776,-0.080961,0.833333,0,0.216818,0.020437,0.559884,-0.161906,0.048427
hs300,10y,01e31742138cbfcaf63e8e78e9fa3c23,gross_profit_ttm,毛利TTM, 计算过去12个月毛利之和,1.903766,0.116164,0.070487,0.268938,0.426339,0.015248,0.777640,0.061102,0.017678,0.359585,0.109844,0.009875,-0.420076,-0.054623,0.539947,-0.745801,0.012562,0.042670,0.006102,0.054561,0.858086,0,0.475012,0.040882,0.222696,0.006954,0.012562
hs300,10y,4aef21bbd57f2cfc132e0f2d8070d382,VOL240,240日平均换手率," 240日换手率的均值,单位为%",0.698502,0.056132,0.012911,0.316818,0.100038,0.009754,0.571750,0.047721,0.004845,0.538014,0.030522,0.008093,-0.017240,-0.001791,0.467671,-0.261767,0.008923,0.042670,-0.016552,-0.120024,0.891914,0,-0.205323,-0.023414,0.488190,-0.397208,0.008923
hs300,10y,5b56f4aeec4df1fb913382472cd82ac2,VEMA26,成交量的26日指数移动平均,,1.214939,0.085436,0.041016,0.484922,0.244492,0.015685,0.693940,0.055839,0.012630,0.367627,0.079803,0.017623,-0.269367,-0.031837,0.618269,-0.599609,0.016654,0.042670,-0.005100,-0.053806,0.830446,0,0.190802,0.018166,0.553556,-0.182245,0.016654
hs300,10y,0ba3abbc0c80b041b6f988877d5fdada,operating_profit_per_share,每股营业利润, 每股营业利润,0.817124,0.063508,0.019985,0.291793,0.159226,0.016007,1.493216,0.098761,0.053795,0.489601,0.298110,0.013745,0.388670,0.034430,0.474967,-0.046099,0.014876,0.042670,0.005999,0.055798,0.853135,0,-0.375003,-0.047299,0.532480,-0.722463,0.014876
hs300,10y,b269ee058fb24fc0369fe74f92ff6393,VOSC,成交量震荡, 'VEMA12'和'VEMA26'两者的差值，再求差值与'VEMA12'的比，最后将比值放大100倍，得到VOSC值,0.468509,0.040408,-0.002169,0.482994,0.002315,0.153082,0.935553,0.070453,0.026646,0.392276,0.156693,0.162563,0.265879,0.024604,0.268965,-0.126150,0.157822,0.042670,-0.018146,-0.169871,0.854373,0,-0.316320,-0.038444,0.514910,-0.642733,0.157822
hs300,10y,ed5d8dc2e99c69eefe50a1685470a674,TVSTD6,6日成交金额的标准差, 6日成交额的标准差,0.901662,0.068505,0.024778,0.258321,0.197938,0.169796,1.408566,0.094855,0.050050,0.375432,0.259567,0.163210,0.311451,0.028346,0.360212,-0.090027,0.166503,0.042670,-0.021438,-0.170738,0.880776,0,-0.351880,-0.043725,0.577260,-0.646788,0.166503
hs300,10y,711be73513bf2e2dbade150cfdacc205,total_profit_to_cost_ratio,成本费用利润率, 成本费用利润率=利润总额/(营业成本+财务费用+销售费用+管理费用)，以上科目使用的都是TTM的数值,1.196064,0.084479,0.040098,0.260270,0.247449,0.008434,2.090708,0.123366,0.077394,0.482114,0.401475,0.008302,0.348356,0.031293,0.501441,-0.062236,0.008368,0.042670,0.001195,0.012499,0.840347,0,-0.386627,-0.049141,0.541655,-0.637137,0.008368
hs300,10y,19d504fb9288040b50c53e331a630ebf,operating_cost_to_operating_revenue_ratio,销售成本率, 销售成本率=营业成本（TTM）/营业收入（TTM）,1.619869,0.104388,0.059192,0.486403,0.315420,0.005013,0.669933,0.054287,0.011141,0.335579,0.072672,0.005232,-0.420904,-0.054762,0.582773,-0.731355,0.005123,0.042670,0.000035,0.000411,0.815594,0,0.467254,0.040316,0.377085,0.002443,0.005123
hs300,10y,8b1583a6d6226f485618c13d740ef486,capital_reserve_fund_per_share,每股资本公积金, 每股资本公积金,0.879138,0.067194,0.023520,0.380289,0.166080,0.004906,0.592064,0.049109,0.006176,0.523691,0.043176,0.004080,-0.130790,-0.014347,0.308022,-0.488981,0.004493,0.042670,-0.004388,-0.058272,0.801980,0,0.020590,0.002103,0.197884,-0.340973,0.004493
hs300,10y,5b0b5ad85e05d09e01f407b4fd1dbb3e,cash_earnings_to_price_ratio,现金流量市值比, 过去一年的净经营现金流 除以 当前股票市值,0.408228,0.035922,-0.006471,0.485791,-0.020649,0.011154,1.411000,0.094969,0.050159,0.286913,0.333177,0.010790,0.455133,0.039427,0.434533,-0.003876,0.010972,0.042670,0.015968,0.102330,0.899752,0,-0.443990,-0.058718,0.588964,-0.668068,0.010972
hs300,10y,1a632c8756ee7839f5e377cdb4bab9ff,historical_sigma,残差历史波动率, 计算 beta 收益之时的残差收益率的波动率,1.259835,0.087684,0.043172,0.236155,0.342349,0.009798,0.527511,0.044642,0.001892,0.629056,0.017013,0.012544,-0.341255,-0.042120,0.739455,-0.334287,0.011171,0.042670,-0.033932,-0.156702,0.930281,0,-0.154674,-0.017174,0.711816,-0.232738,0.011171
hs300,10y,96a3124441358c43df8013f2f4b686cb,earnings_growth,5年盈利增长率, 过去5个财年 年均EPS增长 除以 年均EPS,0.308013,0.028068,-0.014004,0.372389,-0.061561,0.004034,0.932297,0.070267,0.026468,0.478826,0.140777,0.004976,0.420480,0.036848,0.386684,-0.024361,0.004505,0.042670,-0.006537,-0.058622,0.860149,0,-0.401571,-0.051556,0.601221,-0.707551,0.004505
hs300,10y,2f32e70b433c446deece2c3ad6066c9c,earnings_to_price_ratio,利润市值比, 过去一年的净利润 除以 当前股票市值，等于 PE 的倒数,0.783577,0.061467,0.018028,0.545876,0.092095,0.014067,1.633157,0.104964,0.059745,0.265808,0.404587,0.012303,0.004914,0.000506,0.667393,-0.175210,0.013185,0.042670,0.022481,0.103561,0.945957,0,-0.392145,-0.050027,0.679768,-0.399388,0.013185
hs300,10y,21dd634be7f6378e5e77a79b6a3a8b2e,market_leverage,市场杠杆, (普通股市值 + 优先股账面价值(中国股票为0) + 长期负债账面价值) / 普通股市值，长期负债账面价值=长期借款+应付债券,1.187640,0.084049,0.039686,0.524130,0.192312,0.004170,0.594645,0.049284,0.006344,0.350654,0.048986,0.002631,-0.447847,-0.059393,0.679107,-0.491762,0.003401,0.042670,0.005052,0.026477,0.928218,0,0.218493,0.020582,0.624699,-0.096076,0.003401
hs300,10y,09285bd471141803153bdaea737d4f32,natural_log_of_market_cap,对数总市值, 对数总市值=总市值的对数,0.021620,0.002208,-0.038806,0.465842,-0.174638,0.021134,1.253737,0.087381,0.042882,0.388196,0.285309,0.010412,0.760272,0.060028,0.334807,0.121134,0.015773,0.042670,0.015442,0.084566,0.900619,0,-0.564307,-0.082086,0.657647,-0.738385,0.015773
hs300,10y,7c6c3f81b0d8669e3e5c5878f08fb95d,average_share_turnover_quarterly,季度平均平均月换手率, ln(sum(turn_over_ratio)/3)，turn_over_ratio为过去三个月（63个交易日）的平均换手率,1.249473,0.087169,0.042678,0.266185,0.321671,0.009836,0.191729,0.018248,-0.023423,0.604651,-0.076555,0.011127,-0.480928,-0.065365,0.759428,-0.418654,0.010481,0.042670,-0.028235,-0.124176,0.934406,0,0.041956,0.004246,0.592047,-0.142063,0.010481
hs300,10y,72af0da0b8b1dddebe774746e65a25ac,cumulative_range,收益离差," ln(1+Z_max)-ln(1+Z_min)，其中Z_t=cumsum(ln(1+r_t))，t=1,2,...,12，r_t为向前推t个月的月收益",0.934792,0.070409,0.026605,0.243729,0.221211,0.113226,0.890889,0.067880,0.024178,0.614144,0.102981,0.081259,-0.020792,-0.002164,0.641976,-0.181525,0.097242,0.042670,-0.027995,-0.132429,0.922030,0,-0.394933,-0.050477,0.611874,-0.389526,0.097242
hs300,10y,3e3af16e3131011fa54b4688e88c83b1,cube_of_size,市值立方因子, 标准化市值因子的三次方，之后将结果和标准化市值因子回归取残差（去除和市值因子的共线性），然后残差值进行缩尾处理（将3倍标准差之外的点处理成3倍标准差）和标准化,1.156973,0.082473,0.038174,0.394835,0.250218,0.390202,0.026763,0.002727,-0.038309,0.462814,-0.172247,0.021141,-0.538178,-0.076558,0.635961,-0.749966,0.205671,0.042670,-0.014126,-0.080918,0.897690,0,0.712816,0.057046,0.298323,0.109679,0.205671
hs300,10y,8a804641a9b5e01281956ef7371d02a1,share_turnover_monthly,月换手率, ln(sum(turn_over_ratio))，turn_over_ratio为过去21个交易日的换手率,1.285734,0.088963,0.044398,0.262219,0.336787,0.020768,0.155221,0.014987,-0.026550,0.634652,-0.087399,0.024217,-0.501272,-0.069209,0.760805,-0.433706,0.022493,0.042670,-0.032729,-0.145556,0.935258,0,0.083775,0.008328,0.587209,-0.125778,0.022493
hs300,10y,d260878e7f782c2f409c94c10045eed4,book_leverage,账面杠杆, (普通股账面价值 + 优先股账面价值 + 长期负债账面价值) / 普通股账面价值,1.152100,0.082220,0.037932,0.506398,0.189738,0.003692,0.513407,0.043643,0.000934,0.389220,0.018827,0.002026,-0.432392,-0.056712,0.605141,-0.539222,0.002859,0.042670,0.000732,0.004847,0.905528,0,0.289482,0.026557,0.473877,-0.074952,0.002859
hs300,10y,71f15a6b2407aff2eadfe5c69e369088,growth,成长因子,0.18 * 预期长期盈利增长率 + 0.11 * 预期短期盈利增长率 + 0.24 * 5年盈利增长率 + 0.47 * 5年营业收入增长率,0.890828,0.067876,0.024175,0.293356,0.155234,0.008062,1.142083,0.081700,0.037433,0.574320,0.182133,0.008777,0.115964,0.011375,0.535546,-0.187851,0.008419,0.042670,-0.007460,-0.068709,0.859323,0,-0.284608,-0.033939,0.505841,-0.485232,0.008419
hs300,10y,aa36b5f049ea6f77d3fe06fa8dc81daa,earnings_yield,盈利预期因子,0.68 * 预期市盈率 + 0.21 * 营业收益市值比 + 0.11 * 利润市值比,0.395568,0.034958,-0.007396,0.620395,-0.020798,0.019986,2.070961,0.122624,0.076683,0.255770,0.516463,0.018470,0.438161,0.038171,0.653554,-0.007823,0.019228,0.042670,0.021299,0.095344,0.933993,0,-0.590946,-0.088037,0.734919,-0.547602,0.019228
hs300,10y,d655f03f751fac7734842f45d73221c3,average_share_turnover_annual,年度平均月换手率, ln(sum(turn_over_ratio)/12)，turn_over_ratio为过去十二个月（252个交易日）的平均换手率,1.340075,0.091604,0.046931,0.240391,0.350353,0.003750,0.346437,0.031141,-0.011057,0.581619,-0.032149,0.005231,-0.439364,-0.057913,0.737768,-0.401390,0.004491,0.042670,-0.024285,-0.108763,0.933168,0,0.001275,0.000131,0.609654,-0.163439,0.004491
hs300,10y,9e0cca2d7ee6f2f4a210959b79f6591e,daily_standard_deviation,日收益率标准差, sqrt(sum(w_t*(r_t - r_mean)**2))，其中r_t为过去252个交易日的日收益率，w_t为半衰期为42个交易日的指数权重，满足w(t-42)=0.5*w(t),1.441268,0.096378,0.051510,0.246465,0.422484,0.016264,0.860410,0.066092,0.022464,0.595525,0.088271,0.022978,-0.257482,-0.030225,0.719597,-0.256633,0.019621,0.042670,-0.034147,-0.131968,0.941419,0,-0.348793,-0.043256,0.687255,-0.304253,0.019621
hs300,10y,b216d53045dd524338702b0f246f5441,debt_to_assets,资产负债率, 总负债账面价值 / 总资产账面价值,1.864766,0.114609,0.068995,0.483602,0.356375,0.002563,0.993256,0.073700,0.029760,0.294583,0.194815,0.001574,-0.445097,-0.058911,0.642771,-0.547365,0.002069,0.042670,0.010558,0.059040,0.914191,0,0.312817,0.028457,0.553471,-0.063880,0.002069
hs300,10y,26cc7085d74c6a3380bccf30ba825094,relative_strength,相对强弱, sum(w_t * ln(1 + r_t))，其中r_t取滞后21个交易日的前504个交易日的close数据，w_t为半衰期为126天的指数权重，满足w(t-126)=0.5*w(t),-0.311919,-0.037808,-0.077184,0.594543,-0.355916,0.051338,1.901281,0.116065,0.070392,0.528531,0.348683,0.053520,2.244987,0.129022,0.578126,0.383805,0.052429,0.042670,0.017434,0.077920,0.927393,0,-0.817301,-0.160752,0.835073,-0.865513,0.052429
hs300,10y,97db3522c38d844309825972048697ab,sales_growth,5年营业收入增长率, 过去5个财年的 每股营业收入增长 除以 年均每股营业收入,0.620592,0.051032,0.008020,0.361595,0.056113,0.003838,1.137478,0.081460,0.037203,0.559840,0.183762,0.004330,0.288081,0.026442,0.381076,-0.103822,0.004084,0.042670,-0.005549,-0.053972,0.838696,0,-0.342023,-0.042235,0.466990,-0.629719,0.004084
hs300,10y,758c3bf7deea8733f98c85c93857968d,residual_volatility,残差波动因子, 0.74 * 日收益率标准差(DASTD) + 0.16 * 收益离差(CMRA) + 0.1 * 残差历史波动率(HSIGMA)，之后将结果和beta因子，市值因子做回归，取残差,0.402833,0.035512,-0.006865,0.265861,-0.028568,0.039710,0.667608,0.054135,0.010996,0.466021,0.060458,0.041086,0.148728,0.014397,0.536739,-0.132830,0.040398,0.042670,-0.030597,-0.193688,0.901815,0,-0.392890,-0.050147,0.631412,-0.467688,0.040398
hs300,10y,b3c83aeafe3b0e33c94bacfd147025dd,beta,BETA,一元线性回归求解 beta=sum(w_t*(r_t-r_mean)*(R_t-R_mean))/sum(w_t*(R_t-R_mean)^2)，其中r_t、R_t分别使用前252个交易日的股票和中证流通指数的close数据，w_t为半衰期为63个交易日的指数加权平均权重，w_t=0.5**(t/63),1.272030,0.088288,0.043751,0.288577,0.345015,0.016983,0.793769,0.062090,0.018626,0.533258,0.074091,0.023979,-0.253830,-0.029735,0.698764,-0.245174,0.020481,0.042670,-0.019339,-0.066263,0.951733,0,-0.388858,-0.049498,0.680119,-0.314659,0.020481
hs300,10y,615800cc1759cc39a78a2ca6ddd93a18,MAC5,5日移动均线, 5日移动均线 / 今日收盘价,0.550954,0.046283,0.003466,0.629792,0.031353,0.433487,1.372222,0.093140,0.048405,0.307403,0.254654,0.432329,0.387984,0.034377,0.422026,-0.036558,0.432908,0.042670,0.032809,0.236649,0.871700,0,-0.427304,-0.055844,0.644423,-0.623112,0.432908
hs300,10y,daf997c5ebae8e612515e10ffcb62869,boll_up,上轨线（布林线）指标," (MA(CLOSE,M)+2*STD(CLOSE,M)) / 今日收盘价; M=20",0.731709,0.058242,0.014935,0.468652,0.103409,0.250340,0.728413,0.058034,0.014736,0.413251,0.081101,0.168080,-0.036307,-0.003805,0.331264,-0.272850,0.209210,0.042670,0.011942,0.079790,0.879538,0,-0.191902,-0.021727,0.475829,-0.384478,0.209210
hs300,10y,5465a240105981720eb849929fef9b42,EMAC26,26日指数移动均线, 26日指数移动均线 / 今日收盘价,1.027099,0.075565,0.031549,0.502019,0.167202,0.201784,0.212635,0.020075,-0.021670,0.375739,-0.099496,0.196299,-0.496644,-0.068323,0.526594,-0.619942,0.199041,0.042670,0.024042,0.148847,0.911304,0,0.477284,0.041047,0.404904,0.005995,0.199041
hs300,10y,9385b4c38706ae22ae04bda64f027b8f,MFI14,资金流量指标, ①求得典型价格（当日最高价，最低价和收盘价的均值）②根据典型价格高低判定正负向资金流（资金流=典型价格*成交量）③计算MR= 正向/负向 ④MFI=100-100/（1+MR）,0.393693,0.034815,-0.007534,0.363661,-0.029218,0.198024,1.649295,0.105660,0.060413,0.349055,0.353137,0.195526,0.776849,0.061053,0.232161,0.161717,0.196775,0.042670,-0.013127,-0.106123,0.871287,0,-0.522591,-0.073392,0.534642,-0.871005,0.196775
hs300,10y,ab44a402b229e8c72482825a0bf8c82e,EMAC120,120日指数移动均线, 120日指数移动均线 / 今日收盘价,1.107351,0.079879,0.035686,0.479802,0.177347,0.101453,0.369429,0.032943,-0.009329,0.310065,-0.037748,0.091546,-0.490741,-0.067202,0.612549,-0.576331,0.096499,0.042670,0.007988,0.046755,0.910515,0,0.403666,0.035576,0.523251,-0.023786,0.096499
hs300,10y,6c1aca7934df97f99237abf38a3be777,MAC60,60日移动均线, 60日移动均线 / 今日收盘价,0.868186,0.066551,0.022904,0.545227,0.120854,0.121267,0.412197,0.036223,-0.006183,0.305537,-0.019335,0.116230,-0.388113,-0.049379,0.534961,-0.488617,0.118749,0.042670,0.015346,0.091250,0.910066,0,0.181290,0.017324,0.539800,-0.123963,0.118749
hs300,10y,6b88df910216e3c818a3ba948a95126e,MAC120,120日移动均线, 120日移动均线 / 今日收盘价,0.947141,0.071112,0.027278,0.517318,0.138367,0.088621,0.543351,0.045754,0.002958,0.330937,0.030102,0.081324,-0.373679,-0.047091,0.533433,-0.469049,0.084973,0.042670,0.007475,0.044035,0.912954,0,0.142765,0.013853,0.511062,-0.140820,0.084973
hs300,10y,6fcc1945face721e7384c410eeb7c62e,boll_down,下轨线（布林线）指标," (MA(CLOSE,M)-2*STD(CLOSE,M)) / 今日收盘价; M=20",1.433096,0.095999,0.051147,0.396418,0.251555,0.165169,0.296761,0.027153,-0.014882,0.364903,-0.076688,0.228852,-0.574028,-0.084218,0.589518,-0.789863,0.197010,0.042670,0.025868,0.192536,0.886139,0,0.846466,0.065265,0.356463,0.160655,0.197010
hs300,10y,df10ebf1a2847cdcfca7aed3b53e3134,EMAC12,12日指数移动均线, 12日指数移动均线 / 今日收盘价,0.961797,0.071940,0.028073,0.514167,0.155397,0.290444,0.386598,0.034270,-0.008056,0.414443,-0.028027,0.285257,-0.381332,-0.048298,0.495825,-0.535734,0.287851,0.042670,0.030522,0.200344,0.898927,0,0.241909,0.022586,0.395092,-0.105654,0.287851
hs300,10y,e45d5a0585021278c2b15e88b2c4d2ad,EMA5,5日指数移动均线, 5日指数移动均线 / 今日收盘价,0.553286,0.046446,0.003621,0.600678,0.031884,0.433056,0.907263,0.068829,0.025089,0.368476,0.139243,0.426999,0.104194,0.010271,0.448484,-0.191459,0.430028,0.042670,0.035214,0.246210,0.882426,0,-0.283224,-0.033746,0.576879,-0.474931,0.430028
hs300,10y,6e0669df8d2c36d3265229d878042327,EMAC20,20日指数移动均线, 20日指数移动均线 / 今日收盘价,0.912203,0.069114,0.025362,0.491396,0.138275,0.229393,0.322608,0.029245,-0.012876,0.385936,-0.053283,0.223030,-0.410062,-0.052952,0.486434,-0.542637,0.226211,0.042670,0.026314,0.166125,0.904290,0,0.275151,0.025375,0.389935,-0.085379,0.226211
hs300,10y,4b9414c6b95516c0063fe2ae39a0b481,MAC20,20日移动均线, 20日移动均线 / 今日收盘价,1.212153,0.085295,0.040881,0.511849,0.215113,0.205203,0.386510,0.034264,-0.008062,0.419216,-0.028287,0.201336,-0.463296,-0.062141,0.487553,-0.600936,0.203270,0.042670,0.024597,0.159583,0.905116,0,0.407757,0.035886,0.366921,-0.024202,0.203270
hs300,10y,27d16f0de17a18b05e8b54d6fb774294,MACDC,平滑异同移动平均线," MACD(SHORT=12, LONG=26, MID=9) / 今日收盘价",0.932930,0.070303,0.026503,0.473925,0.145676,0.132820,0.821195,0.063753,0.020221,0.364193,0.115840,0.138463,-0.170105,-0.019039,0.276314,-0.374757,0.135641,0.042670,-0.019827,-0.144259,0.873762,0,-0.052807,-0.005577,0.371831,-0.289309,0.135641
hs300,10y,b53f12a368d1d3ecfacef12fa4294b05,EMAC10,10日指数移动均线, 10日指数移动均线 / 今日收盘价,0.855649,0.065810,0.022194,0.534491,0.127022,0.316653,0.509426,0.043360,0.000662,0.387930,0.016344,0.311326,-0.281084,-0.033450,0.464969,-0.450210,0.313990,0.042670,0.031782,0.211327,0.895627,0,0.074471,0.007432,0.443855,-0.199623,0.313990
hs300,10y,6d2e8a28a8a628270586fcf758547388,MAC10,10日移动均线, 10日移动均线 / 今日收盘价,0.990896,0.073568,0.029634,0.542139,0.165289,0.294619,0.874523,0.066923,0.023261,0.417364,0.131115,0.291460,-0.163325,-0.018216,0.410192,-0.365102,0.293040,0.042670,0.030815,0.210951,0.890677,0,-0.066007,-0.007015,0.422696,-0.294857,0.293040
hs300,10y,292fd3682e1bc651a6350e010a31eff0,BIAS5,5日乖离率, （收盘价-收盘价的N日简单平均）/ 收盘价的N日简单平均*100，在此n取5,1.471699,0.097779,0.052854,0.297922,0.277244,0.432248,0.571506,0.047704,0.004829,0.629120,0.038144,0.433999,-0.442593,-0.058474,0.641520,-0.632916,0.433124,0.042670,-0.032826,-0.236603,0.872112,0,0.418418,0.036692,0.406035,-0.021259,0.433124
hs300,10y,beebdb964b51db087c656a0d5c681f0d,Price1Y,当前股价除以过去一年股价均值再减1, 当日收盘价 / mean(过去一年(250天)的收盘价) -1,0.392210,0.034701,-0.007643,0.308827,-0.029804,0.058109,1.048953,0.076755,0.032690,0.500231,0.163540,0.067620,0.376247,0.033472,0.523735,-0.036054,0.062865,0.042670,0.000154,0.000928,0.893977,0,-0.471362,-0.063604,0.615082,-0.572179,0.062865
hs300,10y,cbf0811e53cf19f37a933b6439d37ad9,Price3M,当前股价除以过去三个月股价均值再减1, 当日收盘价 / mean(过去三个月(61天)的收盘价) -1,0.481308,0.041339,-0.001276,0.318064,0.006891,0.116831,0.902221,0.068538,0.024809,0.526488,0.129115,0.122159,0.153177,0.014801,0.529167,-0.138178,0.119495,0.042670,-0.015116,-0.088772,0.918729,0,-0.371948,-0.046820,0.535035,-0.476083,0.119495
hs300,10y,37435df246ed9fd2562e5a00e9cc079c,Price1M,当前股价除以过去一个月股价均值再减1, 当日收盘价 / mean(过去一个月(21天)的收盘价) -1,0.418704,0.036714,-0.005712,0.404397,-0.016186,0.198047,1.417133,0.095256,0.050434,0.502742,0.259409,0.203468,0.502803,0.042887,0.359118,0.016703,0.200758,0.042670,-0.024376,-0.154060,0.910479,0,-0.502076,-0.069364,0.521167,-0.632700,0.200758
hs300,10y,443bf41c457c9aa47318fdd71cadf928,PLRC12,12日收盘价格与日期线性回归系数, 计算 12 日收盘价格，与日期序号（1-12）的线性回归系数，(close / mean(close)) = beta * t + alpha,0.999275,0.074033,0.030080,0.422893,0.168604,0.153054,1.779008,0.111122,0.065651,0.415582,0.336236,0.142187,0.239063,0.022344,0.278966,-0.106202,0.147621,0.042670,-0.016711,-0.112036,0.894802,0,-0.382738,-0.048522,0.417116,-0.532476,0.147621
hs300,10y,8d200ee93d1a85a49f288d22d33520cc,BBIC,BBI 动量," BBI(3, 6, 12, 24) / 收盘价 （BBI 为常用技术指标类因子“多空均线”）",0.921279,0.069636,0.025863,0.508203,0.144180,0.310245,0.500976,0.042756,0.000083,0.406810,0.013432,0.304053,-0.315722,-0.038357,0.461970,-0.473802,0.307149,0.042670,0.031319,0.205785,0.901815,0,0.120836,0.011830,0.401446,-0.170336,0.307149
hs300,10y,d8f72f1fe72caa8b1a1d2d99a3e3e363,ROC12,12日变动速率（Price Rate of Change）, ①AX=今天的收盘价—12天前的收盘价 ②BX=12天前的收盘价 ③ROC=AX/BX*100,0.517919,0.043964,0.001241,0.378723,0.019845,0.228652,1.205064,0.084936,0.040537,0.488293,0.210836,0.212167,0.302285,0.027603,0.341435,-0.074112,0.220410,0.042670,-0.019451,-0.129769,0.891914,0,-0.414684,-0.053720,0.471776,-0.560279,0.220410
hs300,10y,8aa3e6373e4388b633a2dc4886ecb8ee,ROC120,120日变动速率（Price Rate of Change）, ①AX=今天的收盘价—20天前的收盘价 ②BX=60天前的收盘价 ③ROC=AX/BX*100,0.651702,0.053094,0.009998,0.290102,0.070625,0.079291,1.111144,0.080079,0.035878,0.466002,0.178642,0.076314,0.186029,0.017744,0.501739,-0.125522,0.077802,0.042670,-0.000078,-0.000486,0.898102,0,-0.378462,-0.047844,0.570840,-0.495441,0.077802
hs300,10y,d598e38d63f0db96a4ac2f367c52e5f8,BIAS60,60日乖离率, （收盘价-收盘价的N日简单平均）/ 收盘价的N日简单平均*100，在此n取60,0.415562,0.036477,-0.005939,0.305476,-0.018215,0.115839,0.749491,0.059357,0.016005,0.530875,0.087775,0.122711,0.110398,0.010854,0.521104,-0.159701,0.119275,0.042670,-0.015157,-0.089837,0.915842,0,-0.348067,-0.043146,0.536715,-0.455589,0.119275
hs300,10y,90cb73343e870135350b0c1d28b2a18d,ROC20,20日变动速率（Price Rate of Change）, ①AX=今天的收盘价—20天前的收盘价 ②BX=20天前的收盘价 ③ROC=AX/BX*100,0.269356,0.024893,-0.017049,0.372030,-0.076718,0.177621,1.167119,0.082997,0.038677,0.462731,0.196556,0.164630,0.544575,0.045839,0.340773,0.033897,0.171126,0.042670,-0.018404,-0.119428,0.909241,0,-0.514580,-0.071801,0.561598,-0.649024,0.171126
hs300,10y,ed5bdb961c0bbe1b6d3955e087af3f6b,arron_down_25,Aroon指标下轨, Aroon(下降)=[(计算期天数-最低价后的天数)/计算期天数]*100,1.558479,0.101691,0.056606,0.390274,0.306404,0.195969,0.078649,0.007836,-0.033409,0.356348,-0.181653,0.207599,-0.629296,-0.097245,0.639535,-1.041416,0.201784,0.042670,0.004871,0.040755,0.860149,0,1.278621,0.088613,0.319629,0.368873,0.201784
hs300,10y,e76a366ec60b898b3d637f9e397e59d8,single_day_VPT_12,单日价量趋势12均值," MA(single_day_VPT, 12)",0.398479,0.035181,-0.007183,0.430349,-0.026310,0.201923,1.965873,0.118602,0.072825,0.350647,0.401644,0.180465,0.980405,0.072984,0.230554,0.240465,0.191194,0.042670,-0.015917,-0.128086,0.872525,0,-0.579373,-0.085410,0.632799,-0.914286,0.191194
hs300,10y,4f03596b031e22021cb4dc767df0016d,Volume1M,当前交易量相比过去1个月日均交易量 与过去过去20日日均收益率乘积, 当日交易量 / 过去20日交易量MEAN * 过去20日收益率MEAN,0.048315,0.004876,-0.036247,0.454573,-0.178212,0.243258,1.734924,0.109292,0.063896,0.440799,0.314715,0.234386,1.363893,0.092744,0.259905,0.305122,0.238822,0.042670,-0.016470,-0.108166,0.917904,0,-0.683548,-0.111852,0.707236,-0.878461,0.238822
hs300,10y,5c078c3f8791e2054df372b8a3b96c2c,CCI20,20日顺势指标," CCI:=(TYP-MA(TYP,N))/(0.015*AVEDEV(TYP,N)); TYP:=(HIGH+LOW+CLOSE)/3; N:=20",-0.070380,-0.007495,-0.048112,0.498105,-0.264795,0.228396,2.457166,0.136418,0.089912,0.343416,0.512421,0.227523,2.394189,0.134266,0.227859,0.637047,0.227959,0.042670,-0.014005,-0.099034,0.890264,0,-0.761927,-0.137531,0.763917,-1.199748,0.227959
hs300,10y,9fa22873349a2b32bf93ae9c9c5a3997,PLRC6,6日收盘价格与日期线性回归系数, 计算 6 日收盘价格，与日期序号（1-6）的线性回归系数，(close / mean(close)) = beta * t + alpha,1.444603,0.096532,0.051658,0.346702,0.273588,0.297600,0.450414,0.039079,-0.003444,0.529967,-0.004527,0.277654,-0.475903,-0.064436,0.597775,-0.673240,0.287627,0.042670,-0.027025,-0.189054,0.879950,0,0.510702,0.043451,0.303697,0.022246,0.287627
hs300,10y,c05707cfbdccca43874f23026f115b06,CR20,CR指标, ①中间价=1日前的最高价+最低价/2 ②上升值=今天的最高价-前一日的中间价（负值记0） ③下跌值=前一日的中间价-今天的最低价（负值记0） ④多方强度=20天的上升值的和，空方强度=20天的下跌值的和 ⑤CR=（多方强度÷空方强度）×100,0.220029,0.020714,-0.021057,0.350420,-0.109142,0.157680,2.033533,0.121206,0.075322,0.345784,0.407590,0.156397,1.305151,0.089913,0.252041,0.321817,0.157039,0.042670,-0.012205,-0.083689,0.903053,0,-0.656592,-0.104336,0.659180,-0.930618,0.157039
hs300,10y,2bd22730f75b58665e883bb33c544053,ROC60,60日变动速率（Price Rate of Change）, ①AX=今天的收盘价—20天前的收盘价 ②BX=60天前的收盘价 ③ROC=AX/BX*100,0.712869,0.057049,0.013791,0.346180,0.090039,0.107449,1.142600,0.081727,0.037459,0.521884,0.186142,0.100013,0.148268,0.014355,0.554516,-0.143050,0.103731,0.042670,-0.007082,-0.043326,0.912541,0,-0.362380,-0.045333,0.543026,-0.475997,0.103731
hs300,10y,788bf88be2eb4d4719c7e9e99b808ebd,BIAS20,20日乖离率, （收盘价-收盘价的N日简单平均）/ 收盘价的N日简单平均*100，在此n取20,0.500940,0.042754,0.000081,0.399874,0.013636,0.200900,1.283108,0.088834,0.044275,0.521323,0.232362,0.206284,0.343770,0.030930,0.423256,-0.053436,0.203592,0.042670,-0.024542,-0.158853,0.905528,0,-0.437276,-0.057552,0.501062,-0.574764,0.203592
hs300,10y,51cbfa1429e49734bf76c90b2f84b9a2,bull_power,多头力道," (最高价-EMA(close,13)) / close",0.219115,0.020635,-0.021133,0.392988,-0.099487,0.274366,2.301141,0.131021,0.084735,0.463524,0.419857,0.268849,1.476910,0.098018,0.333705,0.350697,0.271607,0.042670,-0.023625,-0.156297,0.889026,0,-0.690536,-0.113894,0.709428,-0.930239,0.271607
hs300,10y,18bfb8e57abd65fe58334211d5215f72,arron_up_25,Aroon指标上轨, Aroon(上升)=[(计算期天数-最高价后的天数)/计算期天数]*100,0.433362,0.037813,-0.004658,0.418948,-0.011862,0.200551,1.345578,0.091868,0.047185,0.456665,0.284639,0.185864,0.507288,0.043208,0.409839,0.025225,0.193207,0.042670,-0.008319,-0.068831,0.867162,0,-0.432900,-0.056799,0.571072,-0.761243,0.193207
hs300,10y,3f9b509058004a781c0549bf772a022a,single_day_VPT_6,单日价量趋势6日均值," MA(single_day_VPT, 6)",1.514618,0.099729,0.054724,0.257838,0.315801,0.294418,1.195301,0.084440,0.040061,0.347370,0.232550,0.271247,-0.199722,-0.022707,0.421836,-0.459606,0.282832,0.042670,-0.023529,-0.192084,0.865512,0,0.043168,0.004366,0.341639,-0.261174,0.282832
hs300,10y,d01048bdd10630e06900647e0f576343,TRIX10,10日终极指标TRIX, MTR=收盘价的10日指数移动平均的10日指数移动平均的10日指数移动平均; TRIX=(MTR-1日前的MTR)/1日前的MTR*100,0.401571,0.035416,-0.006957,0.325717,-0.023485,0.065484,1.306870,0.089996,0.045390,0.434763,0.226522,0.066007,0.488554,0.041863,0.464007,0.010523,0.065745,0.042670,-0.010559,-0.066023,0.910479,0,-0.504443,-0.069821,0.560582,-0.620188,0.065745
hs300,10y,fc2733fad2310e46c6651d2d0827e65d,CCI10,10日顺势指标," CCI:=(TYP-MA(TYP,N))/(0.015*AVEDEV(TYP,N)); TYP:=(HIGH+LOW+CLOSE)/3; N:=10",0.356827,0.031959,-0.010273,0.367982,-0.043960,0.342941,2.504769,0.138021,0.091450,0.395604,0.529172,0.339494,1.362930,0.092698,0.281425,0.381374,0.341217,0.042670,-0.017661,-0.132763,0.875413,0,-0.648469,-0.102174,0.664580,-1.028912,0.341217
hs300,10y,9a4ad1dcd60877193987b4e87bb3aeaa,CCI88,88日顺势指标," CCI:=(TYP-MA(TYP,N))/(0.015*AVEDEV(TYP,N)); TYP:=(HIGH+LOW+CLOSE)/3; N:=88",-0.098737,-0.010660,-0.051147,0.425164,-0.287296,0.104179,2.861511,0.149451,0.102411,0.370025,0.553074,0.105665,2.954054,0.152261,0.328036,0.716232,0.104922,0.042670,-0.006969,-0.045260,0.895627,0,-0.800896,-0.153279,0.801035,-1.233137,0.104922
hs300,10y,57daac6629c00d90f4f05994f198feef,PLRC24,24日收盘价格与日期线性回归系数, 计算 24 日收盘价格，与日期序号（1-24）的线性回归系数， (close / mean(close)) = beta * t + alpha,0.258360,0.023975,-0.017930,0.368134,-0.081546,0.078242,1.024443,0.075419,0.031410,0.439869,0.159324,0.073758,0.469834,0.040505,0.390458,0.002944,0.076000,0.042670,-0.011590,-0.074957,0.904703,0,-0.488615,-0.066802,0.537270,-0.622666,0.076000
hs300,10y,ed494548322737d7be8295d491e09ae2,BIAS10,10日乖离率, （收盘价-收盘价的N日简单平均）/ 收盘价的N日简单平均*100，在此n取10,0.796974,0.062286,0.018813,0.432537,0.108784,0.292019,0.881550,0.067335,0.023655,0.550308,0.134983,0.295287,-0.079152,-0.008465,0.417858,-0.304377,0.293653,0.042670,-0.030747,-0.210278,0.892371,0,-0.150793,-0.016710,0.430882,-0.356156,0.293653
hs300,10y,5ae0571deb6c72f9ff42ee339e496933,ROC6,6日变动速率（Price Rate of Change）, ①AX=今天的收盘价—6天前的收盘价 ②BX=6天前的收盘价 ③ROC=AX/BX*100,1.400698,0.094486,0.049695,0.366845,0.265548,0.321226,0.649001,0.052916,0.009827,0.552349,0.063225,0.299088,-0.393026,-0.050169,0.523099,-0.570754,0.310157,0.042670,-0.027483,-0.194092,0.889026,0,0.293212,0.026863,0.347467,-0.083158,0.310157
hs300,10y,5a6d1ec0268c0c49e4f3923793c26d6a,fifty_two_week_close_rank,当前价格处于过去1年股价的位置, 取过去的250个交易日各股的收盘价时间序列，每只股票按照从大到小排列，并找出当日所在的位置,1.205808,0.084974,0.040573,0.430249,0.232320,0.096234,-0.177018,-0.019884,-0.059994,0.475806,-0.346514,0.097648,-0.674270,-0.109202,0.725330,-1.047184,0.096941,0.042670,0.000407,0.002687,0.889439,0,1.520315,0.099986,0.393538,0.421015,0.096941
hs300,10y,90d3ada1041d5e31069a314dd612cc60,MASS,梅斯线," MASS(N1=9, N2=25, M=6)",0.316937,0.028789,-0.013313,0.397929,-0.064818,0.090688,1.341755,0.091684,0.047009,0.359310,0.266028,0.083765,0.696516,0.056004,0.253729,0.120766,0.087226,0.042670,-0.007086,-0.061864,0.864686,0,-0.502943,-0.069532,0.531604,-0.826496,0.087226
hs300,10y,e055c82b7068f0f960e7aba167e098cc,bear_power,空头力道," (最低价-EMA(close,13)) / close",-0.096800,-0.010441,-0.050937,0.464369,-0.238457,0.265939,1.404533,0.094666,0.049868,0.453493,0.276487,0.278614,1.263045,0.087843,0.308747,0.287491,0.272276,0.042670,-0.010748,-0.068755,0.905528,0,-0.662332,-0.105890,0.672576,-0.876658,0.272276
hs300,10y,68b8b1762229c6d1c301e313c23d8af1,single_day_VPT,单日价量趋势, （今日收盘价 - 昨日收盘价）/ 昨日收盘价 * 当日成交量  # (复权方法为基于当日前复权),2.255725,0.129406,0.083187,0.315496,0.463990,0.728437,0.430934,0.037632,-0.004832,0.493751,-0.012684,0.734819,-0.600352,-0.090221,0.715477,-0.995445,0.731628,0.042670,-0.033727,-0.281286,0.877475,0,1.118951,0.080490,0.395175,0.309516,0.731628
hs300,10y,883e91eade06baf2126d6b107096805a,TRIX5,5日终极指标TRIX, MTR=收盘价的5日指数移动平均的10日指数移动平均的5日指数移动平均; TRIX=(MTR-1日前的MTR)/1日前的MTR*100,0.846375,0.065260,0.021666,0.365891,0.125848,0.130362,1.433445,0.096015,0.051163,0.435707,0.264741,0.131204,0.172870,0.016574,0.381170,-0.138903,0.130783,0.042670,-0.018577,-0.122150,0.898102,0,-0.352963,-0.043889,0.462309,-0.497424,0.130783
hs300,10y,b4192a007f7742316e9434a87b9ff2f2,Rank1M,1减去 过去一个月收益率排名与股票总数的比值, 1-(Rank(个股20日收益) / 股票总数),0.955864,0.071605,0.027752,0.525707,0.148630,0.170349,0.067252,0.006733,-0.034466,0.439130,-0.165030,0.185076,-0.530394,-0.074965,0.599995,-0.707295,0.177712,0.042670,0.017823,0.114685,0.903878,0,0.647813,0.052838,0.352732,0.078984,0.177712
hs300,10y,ca2d1169e8f18fa0e90a1b7c198a883d,CCI15,15日顺势指标," CCI:=(TYP-MA(TYP,N))/(0.015*AVEDEV(TYP,N)); TYP:=(HIGH+LOW+CLOSE)/3; N:=15",0.041028,0.004154,-0.036940,0.464116,-0.197952,0.269725,2.849038,0.149068,0.102044,0.360699,0.582015,0.268387,2.389969,0.134121,0.201044,0.665238,0.269056,0.042670,-0.014730,-0.106680,0.880776,0,-0.757241,-0.135796,0.762675,-1.242513,0.269056
hs300,10y,0e84f3a7419158e4cad47f7eb81b1890,market_cap,市值, 市值,0.555967,0.046632,0.003800,0.368220,0.033843,0.005588,1.237553,0.086573,0.042107,0.396002,0.286027,0.011918,0.278922,0.025687,0.353360,-0.128691,0.008753,0.042670,0.004275,0.032244,0.876650,0,-0.306506,-0.037030,0.459880,-0.692593,0.008753
hs300,10y,1f041bc5795f037ff837847fe082f786,cash_flow_to_price_ratio,现金流市值比, 1 / pcf_ratio (ttm),0.588149,0.048843,0.005921,0.310699,0.055234,0.016305,1.163423,0.082806,0.038494,0.276467,0.249257,0.019177,0.347880,0.031255,0.146540,-0.112177,0.017741,0.042670,0.005003,0.079032,0.763201,0,-0.300581,-0.036185,0.337215,-0.977282,0.017741
hs300,10y,6f5cb36126145e244ca424ad8768834b,sales_to_price_ratio,营收市值比, 1 / ps_ratio (ttm),1.555214,0.101546,0.056467,0.422091,0.306742,0.015828,1.362767,0.092690,0.047973,0.291738,0.281929,0.012998,-0.187124,-0.021132,0.572491,-0.418693,0.014413,0.042670,0.007759,0.062214,0.886139,0,0.000430,0.000044,0.498197,-0.273656,0.014413
hs300,10y,fa0d5897c02b42f149b64250b180ec0d,circulating_market_cap,流通市值, 流通市值,0.525702,0.044514,0.001769,0.364438,0.023293,0.007539,1.286765,0.089013,0.044447,0.384250,0.298676,0.012866,0.343422,0.030903,0.351345,-0.083046,0.010203,0.042670,0.006583,0.051503,0.869224,0,-0.337435,-0.041549,0.457919,-0.744450,0.010203
hs300,10y,0dae2b29dc2752d200ee4857de8b3540,PEG,PEG,PEG = PE / (归母公司净利润(TTM)增长率 * 100)  # 如果 PE 或 增长率为负，则为 nan,1.614952,0.104174,0.058987,0.446693,0.307441,0.025353,0.881513,0.067332,0.023653,0.340056,0.155411,0.026356,-0.373305,-0.047033,0.414556,-0.693150,0.025855,0.042670,-0.003227,-0.035017,0.830858,0,0.369363,0.032938,0.370779,-0.056247,0.025855
hs300,10y,1967cb2a87eaf21807904c09ff2168ae,LVGI,财务杠杆指数, 本期(年报)资产负债率/上期(年报)资产负债率,0.653995,0.053267,0.010146,0.593778,0.065040,0.007139,0.848895,0.065438,0.021819,0.632060,0.116041,0.006852,-0.088263,-0.009485,0.423072,-0.350293,0.006995,0.042670,0.000283,0.004518,0.753713,0,0.133035,0.012965,0.317124,-0.117106,0.006995
hs300,10y,88bddb4d6d120173920873a50b6c169a,SGI,营业收入指数, 本期(年报)营业收入/上期(年报)营业收入,0.374504,0.033337,-0.008951,0.334297,-0.038046,0.009701,0.758717,0.059932,0.016556,0.577024,0.089391,0.007179,0.270134,0.024958,0.497446,-0.105139,0.008440,0.042670,-0.006002,-0.058699,0.840347,0,-0.354459,-0.044118,0.546968,-0.587964,0.008440
hs300,10y,5650c5e79625b28fc31f78278522907e,GMI,毛利率指数, 上期(年报)毛利率/本期(年报)毛利率,1.042855,0.076424,0.032373,0.390003,0.178969,0.008737,0.637785,0.052176,0.009117,0.428980,0.062591,0.008042,-0.251615,-0.029438,0.402098,-0.675174,0.008390,0.042670,-0.002249,-0.032347,0.782591,0,0.205928,0.019492,0.226826,-0.199411,0.008390
hs300,10y,430db59e670caacceb89b8351213991f,operating_assets,经营性资产, 总资产 - 金融资产,1.630119,0.104832,0.059619,0.494436,0.348959,0.013593,1.135086,0.081335,0.037083,0.320678,0.228194,0.008505,-0.248495,-0.029022,0.533290,-0.578610,0.011049,0.042670,0.009635,0.075859,0.883663,0,0.159127,0.015340,0.404432,-0.206725,0.011049
hs300,10y,c34f58b3dce91c69777ddcfd91684f5f,financial_assets,金融资产, 货币资金 + 交易性金融资产 + 应收票据 + 应收利息 + 应收股利 + 可供出售金融资产 + 持有至到期投资,1.365525,0.092822,0.048099,0.307751,0.332517,0.014725,1.241178,0.086755,0.042281,0.340133,0.242204,0.009120,-0.053919,-0.005698,0.250292,-0.410571,0.011922,0.042670,0.009867,0.089376,0.860149,0,-0.062655,-0.006648,0.293099,-0.419111,0.011922
hs300,10y,ae828c24c52abb5b47cada1eb7d118bf,operating_liability,经营性负债, 总负债 - 金融负债,0.392693,0.034738,-0.007607,0.516487,-0.026385,0.014403,0.883024,0.067421,0.023738,0.373058,0.140483,0.008675,0.229681,0.021544,0.384871,-0.137710,0.011539,0.042670,0.006439,0.055604,0.860974,0,-0.316810,-0.038515,0.496239,-0.585835,0.011539
hs300,10y,312a627188d19c0b81a1c54255089a02,DSRI,应收账款指数, 本期(年报)应收账款占营业收入比例/上期(年报)应收账款占营业收入比例,0.623300,0.051213,0.008193,0.513128,0.053160,0.009104,0.322457,0.029233,-0.012887,0.528938,-0.055114,0.007571,-0.244348,-0.028471,0.373450,-0.713702,0.008337,0.042670,0.000349,0.005485,0.757013,0,0.210340,0.019875,0.204194,-0.209767,0.008337
hs300,10y,413e7f74ad36309bcb8d85f2ef71a94d,financial_liability,金融负债, (流动负债合计-无息流动负债)+(有息非流动负债)=(流动负债合计-应付账款-预收款项-应付职工薪酬-应交税费-其他应付款-一年内的递延收益-其它流动负债)+(长期借款+应付债券),0.937749,0.070578,0.026766,0.549518,0.144708,0.010115,1.394428,0.094191,0.049412,0.375361,0.277176,0.008468,0.090636,0.008985,0.504976,-0.222547,0.009292,0.042670,0.006352,0.054030,0.879950,0,-0.240528,-0.027966,0.535313,-0.487679,0.009292
hs300,10y,1ead759f0733139444402bd4a4575f5b,rnoa_ttm,经营资产回报率TTM, 销售利润率*经营资产周转率,0.199502,0.018930,-0.022768,0.372170,-0.109324,0.007409,0.887509,0.067683,0.023989,0.500316,0.136474,0.006957,0.503193,0.042915,0.349726,0.025183,0.007183,0.042670,0.001639,0.016358,0.852723,0,-0.415866,-0.053917,0.440045,-0.811323,0.007183
hs300,10y,ac84febd699be4c1621d7c44fd24afd0,profit_margin_ttm,销售利润率TTM, 营业利润/营业收入,0.901437,0.068492,0.024766,0.306811,0.154008,0.006658,1.512190,0.099620,0.054619,0.437779,0.300839,0.006075,0.251895,0.023431,0.406410,-0.130486,0.006366,0.042670,0.003601,0.041887,0.805693,0,-0.316862,-0.038523,0.515562,-0.618390,0.006366
hs300,10y,11ecdcafd817b10fafbfacae57477d9e,roe_ttm_8y,长期权益回报率TTM, 8年(1+roe_ttm)的累乘 ^ (1/8) - 1  # 至少要有近4年的数据，否则为 nan,0.290323,0.026626,-0.015387,0.336742,-0.071828,0.006741,1.167403,0.083011,0.038691,0.480021,0.220400,0.006725,0.581706,0.048403,0.445695,0.066844,0.006733,0.042670,0.003436,0.032566,0.851073,0,-0.457672,-0.061132,0.611848,-0.804453,0.006733
hs300,10y,0ad27daee65d8932463ebbefc3ac24be,asset_turnover_ttm,经营资产周转率TTM, 营业收入TTM/近4个季度期末净经营性资产均值; 净经营性资产=经营资产-经营负债,0.825878,0.064035,0.020491,0.397605,0.116618,0.006533,0.871267,0.066732,0.023077,0.505215,0.135308,0.004777,-0.052470,-0.005541,0.462997,-0.404556,0.005655,0.042670,0.001498,0.019209,0.813944,0,-0.066659,-0.007087,0.338692,-0.418287,0.005655
hs300,10y,6f9f6dc820c6e537a1403e114d5110a2,roa_ttm_8y,长期资产回报率TTM, 8年(1+roa_ttm)的乘积 ^ (1/8) - 1  # 至少要有近4年的数据，否则为 nan,0.372108,0.033151,-0.009129,0.379471,-0.034356,0.004330,1.338907,0.091547,0.046877,0.460140,0.265774,0.005777,0.552079,0.046362,0.456407,0.048499,0.005054,0.042670,0.001827,0.017269,0.857673,0,-0.454784,-0.060618,0.623776,-0.767069,0.005054
hs300,10y,0fa1418e4db1846cfb50ea5f0aa580b9,SGAI,销售管理费用指数, 本期(年报)销售管理费用占营业收入的比例/上期(年报)销售管理费用占营业收入的比例,1.344315,0.091807,0.047127,0.436911,0.252110,0.008735,0.993785,0.073729,0.029788,0.348303,0.180476,0.008979,-0.222603,-0.025625,0.343992,-0.621438,0.008857,0.042670,0.001710,0.026182,0.760314,0,0.154478,0.014919,0.354992,-0.237502,0.008857
hs300,10y,40cae16d7e0e1ea3b841a67de9dd9cca,DEGM_8y,长期毛利率增长, 过去8年(1+DEGM)的累成 ^ (1/8) - 1,1.161210,0.082692,0.038384,0.339444,0.215507,0.007742,1.093741,0.079158,0.034995,0.476532,0.191284,0.007306,-0.075492,-0.008060,0.407268,-0.433765,0.007524,0.042670,-0.000049,-0.000659,0.785891,0,-0.039735,-0.004171,0.403870,-0.398671,0.007524
hs300,10y,b4e1229625f5b1121494ccc53459e53f,maximum_margin,最大盈利水平," max(margin_stability, DEGM_8y)",0.528708,0.044726,0.001972,0.406412,0.024163,0.006989,1.626077,0.104657,0.059451,0.300724,0.344667,0.009953,0.608808,0.050241,0.163212,0.100233,0.008471,0.042670,0.001451,0.020148,0.772277,0,-0.438331,-0.057735,0.527830,-0.956541,0.008471
hs300,10y,4d374e894d8ba7e0b31784193b8f20b5,margin_stability,盈利能力稳定性, mean(GM)/std(GM); GM 为过去8年毛利率ttm,0.891762,0.067930,0.024227,0.501286,0.134141,0.008151,2.554120,0.139663,0.093024,0.377931,0.511229,0.006631,0.711389,0.056955,0.341383,0.143847,0.007391,0.042670,0.007074,0.090965,0.800743,0,-0.489406,-0.066951,0.654714,-0.907361,0.007391
hs300,10y,2a5dfaab77600e3f3d68f59642ddff37,roic_ttm,投资资本回报率TTM, 权益回报率=归属于母公司股东的净利润（TTM）/ 前四个季度投资资本均值; 投资资本=股东权益+负债合计-无息流动负债-无息非流动负债;             无息流动负债=应付账款+预收款项+应付职工薪酬+应交税费+其他应付款+一年内的递延收益+其它流动负债;             无息非流动负债=非流动负债合计-长期借款-应付债券；,0.001346,0.000139,-0.040791,0.428748,-0.219036,0.009379,1.761649,0.110405,0.064963,0.586415,0.314991,0.007499,1.699544,0.107804,0.445298,0.465980,0.008439,0.042670,0.002899,0.024630,0.872112,0,-0.698476,-0.116265,0.722455,-1.073926,0.008439
hs300,10y,cf5caa0a17f8c33bd39ee6a1bba1bfce,predicted_earnings_to_price_ratio,预期市盈率, 分析师对未来一年预期盈利加权平均值 除以 当前股票市值,0.455681,0.039468,-0.003071,0.563979,-0.002251,0.019134,1.629319,0.104798,0.059586,0.274468,0.408059,0.015076,0.211360,0.019964,0.639866,-0.088093,0.017105,0.042670,0.019622,0.087817,0.942975,0,-0.500257,-0.069014,0.654874,-0.479312,0.017105
hs300,10y,6c9d51e48673743d39a8f95ea53b9ca5,raw_beta,RAW BETA,一元线性回归求解 beta=sum(w_t*(r_t-r_mean)*(R_t-R_mean))/sum(w_t*(R_t-R_mean)^2)，其中r_t、R_t分别使用前252个交易日的股票和中证流通指数的close数据，w_t为半衰期为63个交易日的指数加权平均权重，w_t=0.5**(t/63),1.272030,0.088288,0.043751,0.288577,0.345015,0.016983,0.793769,0.062090,0.018626,0.533258,0.074091,0.023979,-0.253830,-0.029735,0.698764,-0.245174,0.020481,0.042670,-0.019375,-0.066349,0.951320,0,-0.388858,-0.049498,0.680119,-0.314659,0.020481
hs300,10y,8b486e044f1f89165a7502a045426f8b,short_term_predicted_earnings_growth,预期短期盈利增长率, 分析师预测未来1年盈利增长率,1.448100,0.096694,0.051813,0.255728,0.344785,0.017658,0.507835,0.043247,0.000553,0.575115,0.014919,0.015781,-0.416610,-0.054042,0.614136,-0.529117,0.016719,0.042670,-0.011609,-0.077496,0.890128,0,0.261691,0.024254,0.434549,-0.088596,0.016719
hs300,10y,c6ef79b245c7f7f8da3633ac31bfd3c0,long_term_predicted_earnings_growth,预期长期盈利增长率, 分析师预测未来3-5年盈利增长率,1.506097,0.099344,0.054355,0.253653,0.352723,0.025014,1.068036,0.077784,0.033677,0.324912,0.188134,0.045639,-0.220918,-0.025408,0.469334,-0.423638,0.035327,0.042670,-0.001466,-0.008691,0.906237,0,0.018615,0.001903,0.337794,-0.246748,0.035327
hs300,10y,1cb4182d678ca8d9b1c46337adbc9d12,price_no_fq,不复权价格因子, 不复权价格,1.730975,0.109127,0.063737,0.261667,0.474746,0.011646,1.543257,0.101014,0.055957,0.595259,0.266737,0.012633,-0.130201,-0.014278,0.763246,-0.255418,0.012139,0.042670,-0.014268,-0.068396,0.930693,0,-0.258121,-0.030311,0.717550,-0.330869,0.012139
hs300,10y,172930cd945c9c2fad9d4fe0c035835a,size_v2,规模因子,,1.326857,0.090966,0.046320,0.290690,0.295355,0.667906,0.023223,0.002370,-0.038651,0.456740,-0.174025,0.021507,-0.569712,-0.083266,0.656532,-0.843349,0.344706,0.042670,-0.012239,-0.078574,0.890219,0,0.888699,0.067752,0.298750,0.189870,0.344706
hs300,10y,f5d5181b5c928f346a0a7f08804a3614,liquidity_v2,流动性因子,,1.338946,0.091549,0.046879,0.238507,0.352574,0.010623,0.084591,0.008407,-0.032861,0.599111,-0.111006,0.010884,-0.545033,-0.077980,0.789309,-0.468391,0.010754,0.042670,-0.029227,-0.128643,0.934818,0,0.187484,0.017873,0.596729,-0.087846,0.010754
hs300,10y,3a9d94d23fcd73e376c75821ee6651d5,dividend_yield_v2,分红收益率因子,,0.818527,0.063592,0.020066,0.606742,0.094186,0.020146,1.807260,0.112281,0.066763,0.253045,0.473777,0.054806,-0.048592,-0.005122,0.681831,-0.183607,0.037476,0.042670,0.023622,0.101986,0.936855,0,-0.415003,-0.053773,0.722881,-0.381575,0.037476
hs300,10y,1435353a2e9353e6bc12303ed7867466,quality_v2,质量因子,,2.030207,0.121079,0.075201,0.497799,0.368125,0.019260,1.197122,0.084533,0.040150,0.294155,0.263474,0.033602,-0.437592,-0.057607,0.683078,-0.542298,0.026431,0.042670,0.002760,0.016818,0.900495,0,0.298542,0.027298,0.604363,-0.070571,0.026431
hs300,10y,f8b538a609412fefe4be671af5007e1f,value_v2,价值因子,,1.105229,0.079766,0.035579,0.619262,0.167126,0.011510,1.507279,0.099398,0.054407,0.269473,0.393273,0.014040,-0.215992,-0.024774,0.775282,-0.282837,0.012775,0.042670,0.024219,0.109639,0.942633,0,-0.233136,-0.026995,0.778481,-0.292532,0.012775
hs300,10y,25b386eeaa55e748f7d4fa1cf3b82c29,growth_v2,成长因子,,1.220584,0.085721,0.041290,0.277064,0.242660,0.019595,1.175169,0.083411,0.039074,0.576373,0.206914,0.018454,-0.074721,-0.007974,0.565995,-0.337039,0.019025,0.042670,-0.006408,-0.061324,0.843170,0,-0.112040,-0.012176,0.466570,-0.366555,0.019025
hs300,10y,4c709d15081c6d3dcdb791e4121b9663,momentum_v2,动量因子,,-0.204307,-0.023286,-0.063256,0.524013,-0.293208,0.112389,1.482564,0.098276,0.053330,0.484126,0.260875,0.108546,1.544639,0.101076,0.509616,0.286838,0.110468,0.042670,0.000760,0.003775,0.914156,0,-0.746988,-0.132103,0.781607,-0.808273,0.110468
hs300,10y,fd2f0b5005ed63be2369b1cfe554e4b3,volatility_v2,波动率因子,,1.393463,0.094145,0.049369,0.307684,0.397476,0.011895,0.554090,0.046501,0.003675,0.615109,0.022657,0.018282,-0.379874,-0.048067,0.773878,-0.325411,0.015089,0.042670,-0.026706,-0.098654,0.938093,0,-0.207802,-0.023729,0.689562,-0.235479,0.015089
hs300,10y,724c835874fd1a7765ead84e867acbff,sentiment_v2,情绪因子,,0.593883,0.049233,0.006294,0.483954,0.046672,0.062210,0.934098,0.070370,0.026567,0.495963,0.144995,0.062559,0.128360,0.012528,0.425931,-0.195464,0.062384,0.042670,-0.002521,-0.021358,0.854726,0,-0.268283,-0.031689,0.384870,-0.510069,0.062384
hs300,10y,440e47c9c505b7d8bbf365e06a983917,market_beta,市场波动率因子, 1.00 * historical_beta,1.465553,0.097498,0.052584,0.293286,0.413849,0.007395,0.599786,0.049633,0.006678,0.502638,0.034014,0.010158,-0.377169,-0.047640,0.701680,-0.332913,0.008777,0.042670,-0.023133,-0.087019,0.938969,0,-0.180427,-0.020304,0.610489,-0.229071,0.008777
hs300,10y,b4debe61ea7418c181b7f8690b822210,relative_momentum,相对动量因子, 0.50 * historical_alpha + 0.50 * relative_strength_12_month,-0.302354,-0.036437,-0.075870,0.580522,-0.346960,0.017340,1.922779,0.116915,0.071207,0.532694,0.350272,0.017162,2.234636,0.128650,0.572408,0.385108,0.017251,0.042670,0.016835,0.076590,0.923711,0,-0.815269,-0.159794,0.826156,-0.867934,0.017251
hs300,10y,ef0076a735b5963b72c733223a26899c,ltrevrsl,长期反转因子, 0.46 * long_term_historical_alpha + 0.54 * long_term_relative_strength,1.054136,0.077035,0.032959,0.552604,0.180330,0.023174,1.465480,0.097494,0.052581,0.318146,0.283571,0.025825,0.014560,0.001491,0.472821,-0.209916,0.024500,0.042670,0.006269,0.039474,0.901443,0,-0.288845,-0.034530,0.680309,-0.406275,0.024500
hs300,10y,6f63a4ab8d830161df4dbfc173dd7ac8,resvol,残余波动率因子, 0.50 * daily_std + 0.42 * historical_resid_sigma + 0.08 * cum_range,1.204861,0.084926,0.040527,0.262093,0.329142,0.011697,0.632321,0.051813,0.008770,0.630558,0.040563,0.015794,-0.289942,-0.034684,0.739831,-0.273246,0.013746,0.042670,-0.036675,-0.144987,0.944330,0,-0.317866,-0.038668,0.718034,-0.287824,0.013746
hs300,10y,712a734824c2478f87b5ae98098af3f8,liquidty,流动性因子, 0.25 * monthly_share_turnover + 0.25 * quarterly_share_turnover + 0.25 * annual_share_turnover + 0.25 * annualized_traded_value_ratio,1.125804,0.080850,0.036617,0.288052,0.280528,0.009856,0.321903,0.029188,-0.012930,0.605411,-0.039135,0.010770,-0.395348,-0.050544,0.719164,-0.367139,0.010313,0.042670,-0.025754,-0.110507,0.937732,0,-0.083330,-0.008930,0.615260,-0.198401,0.010313
hs300,10y,9533cc2e8aabc294894b6299344c516f,market_size,市值规模因子, 1.00 * log_of_market_capitalization,0.021884,0.002234,-0.038781,0.466246,-0.174452,0.021106,1.326424,0.090945,0.046300,0.402953,0.303440,0.389244,0.844935,0.065174,0.310393,0.160130,0.205175,0.042670,0.014109,0.080778,0.895670,0,-0.573598,-0.084123,0.621580,-0.789527,0.205175
hs300,10y,d88a00db5f002da9397398e6c032ff6a,midcap,中等市值因子, 1.00 * cube_of_size_exposure,1.231787,0.086284,0.041830,0.353871,0.276750,0.386767,0.020678,0.002112,-0.038898,0.466680,-0.175011,0.021127,-0.554835,-0.080048,0.682060,-0.768833,0.203947,0.042670,-0.014086,-0.080670,0.896082,0,0.772968,0.060814,0.334380,0.133301,0.203947
hs300,10y,2d02567564f0e9b44db68fa867abb449,btop,市净率因子, 1.00 * book_to_price,1.169164,0.083102,0.038778,0.629283,0.180378,0.016308,1.366569,0.092871,0.048147,0.268745,0.346489,0.012880,-0.285832,-0.034110,0.761423,-0.320128,0.014594,0.042670,0.021727,0.094241,0.943093,0,-0.167434,-0.018714,0.771044,-0.253623,0.014594
hs300,10y,276e5b0098fbd6676d4d931155f937c6,profit,盈利能力因子, 0.25 * asset_turnover + 0.25 * return_on_assets + 0.25 * gross_profitability_margin + 0.25 * gross_profitability,1.001880,0.074178,0.030218,0.287001,0.212206,0.002412,1.833666,0.113356,0.067793,0.566804,0.332331,0.002639,0.327013,0.029598,0.644547,-0.054669,0.002526,0.042670,-0.009889,-0.052549,0.920000,0,-0.469637,-0.063289,0.700176,-0.542831,0.002526
hs300,10y,80746f87fdbad524cf83e552b42b4b90,financial_leverage,财务杠杆因子, 0.40 * debt_to_asset + 0.30 * book_lev + 0.30 * market_lev,1.659575,0.106102,0.060836,0.560821,0.294498,0.002481,0.393042,0.034765,-0.007581,0.370922,-0.027715,0.003210,-0.575209,-0.084481,0.688100,-0.737039,0.002845,0.042670,0.005384,0.033583,0.908866,0,0.784773,0.061540,0.375530,0.127537,0.002845
hs300,10y,d44facfbe57751632144ef48b9945ab6,invsqlty,投资能力因子, 0.20 * capital_expenditure_growth + 0.40 * total_assets_growth_rate + 0.40 * issuance_growth,0.384885,0.034139,-0.008182,0.620331,-0.024393,0.004557,1.035249,0.076010,0.031976,0.273176,0.236800,0.003773,0.016388,0.001677,0.661762,-0.188253,0.004165,0.042670,0.020520,0.128895,0.914227,0,-0.341812,-0.042204,0.721053,-0.403808,0.004165
hs300,10y,ecd87214e81afa123ab5715b2dd321f1,divyild,分红因子, 0.50 * dividend_to_price + 0.50 * analyst_predicted_dividend_to_price,0.283551,0.026069,-0.015921,0.606330,-0.057116,0.020158,1.708086,0.108165,0.062815,0.248950,0.448282,0.018983,0.345347,0.031055,0.622467,-0.037637,0.019571,0.042670,0.024747,0.113003,0.932371,0,-0.570335,-0.083403,0.729777,-0.519238,0.019571
hs300,10y,b8f1ed53543a1f8adab55957bfd26d5d,earnqlty,盈利质量因子, 0.60 * accruals_balance_sheet_version + 0.40 * accruals_cashflow_statement_version,0.738842,0.058691,0.015365,0.599797,0.084634,0.004646,1.617516,0.104286,0.059094,0.241434,0.371209,0.004928,0.237580,0.022218,0.424318,-0.120706,0.004787,0.042670,0.015870,0.116417,0.877113,0,-0.345353,-0.042736,0.609209,-0.561629,0.004787
hs300,10y,ecefaaa1bd2f2dcf6db9eeb18b82a6cb,earnyild,收益因子, 0.10 * cash_earnings_to_price + 0.20 * enterprise_multiple + 0.50 * analyst_predicted_earnings_to_price + 0.20 * earnings_to_price,0.356555,0.031937,-0.010293,0.610269,-0.033536,0.017649,1.752290,0.110016,0.064590,0.270905,0.437133,0.013134,0.334034,0.030158,0.654319,-0.042196,0.015392,0.042670,0.020921,0.093694,0.944742,0,-0.557854,-0.080693,0.696812,-0.517453,0.015392
hs300,10y,396514de14ddf64989fb79630935a898,long_growth,长期成长因子, 0.20 * sales_per_share_growth_rate + 0.70 * long_term_pred_earnings_growth + 0.10 * earnings_per_share_growth_rate,1.010939,0.074678,0.030698,0.279952,0.235569,0.012501,1.072970,0.078049,0.033931,0.565740,0.166038,0.011924,0.008894,0.000913,0.622014,-0.207784,0.012213,0.042670,-0.011901,-0.085585,0.886598,0,-0.296789,-0.035648,0.589719,-0.402142,0.012213
hs300,10y,b587280677b210087ffaad5773a6cd15,earnvar,盈利变动率因子, 0.20 * variability_in_cashflows + 0.25 * variability_in_earnings + 0.20 * variability_in_sales + 0.35 * std_of_analyst_forecast_earning_to_price,1.388210,0.093897,0.049131,0.405038,0.320427,0.013230,0.365921,0.032670,-0.009591,0.461180,-0.034674,0.016392,-0.447220,-0.059283,0.673520,-0.648810,0.014811,0.042670,-0.014554,-0.115618,0.865155,0,0.441359,0.038409,0.451828,-0.010400,0.014811
