category,category_intro,factor_id,name,intro,algorithmIntro,compound_return_1q,annual_return_1q,annual_ex_return_1q,max_drawdown_1q,sharpe_1q,turnover_mean_1q,compound_return_5q,annual_return_5q,annual_ex_return_5q,max_drawdown_5q,sharpe_5q,turnover_mean_5q,compound_return_ls,annual_return_ls,max_drawdown_ls,sharpe_ls,turnover_mean_ls,annual_return_bm,ic_mean,ir,good_ic,status,compound_return_ls2,annual_return_ls2,max_drawdown_ls2,sharpe_ls2,turnover_mean_ls2
basics,基础科目及衍生类因子,7897dfb3fb5be11d91dca0a5b568c986,net_working_capital,净运营资本, 流动资产 － 流动负债,0.438083,0.133858,0.021633,0.263832,0.455062,0.007003,0.413332,0.127072,0.015519,0.249649,0.413161,0.007107,-0.020682,-0.007200,0.163133,-0.722642,0.007055,0.109848,0.006224,0.115694,0.703190,0,0.008614,0.002970,0.126169,-0.566928,0.007055
basics,基础科目及衍生类因子,8e7ad3180dcdb0ab288654654603b65b,total_operating_revenue_ttm,营业总收入TTM, 计算过去12个月的 营业总收入 之和,0.371212,0.115342,0.004950,0.313876,0.312146,0.012560,0.673622,0.194914,0.076646,0.227540,0.751957,0.006813,0.172496,0.056568,0.102881,0.148611,0.009686,0.109848,0.018646,0.147460,0.883495,0,-0.177229,-0.065230,0.225318,-0.943885,0.009686
basics,基础科目及衍生类因子,7ac4e2b4f28b58c0965bed4de93f56f1,operating_profit_ttm,营业利润TTM, 计算过去12个月 营业利润 之和,0.344292,0.107722,-0.001916,0.333432,0.267112,0.016189,0.536304,0.160060,0.045242,0.194885,0.627816,0.012874,0.065433,0.022158,0.253075,-0.122538,0.014531,0.109848,0.019390,0.140850,0.897365,0,-0.117186,-0.042183,0.266924,-0.564428,0.014531
basics,基础科目及衍生类因子,fbb3fec5287ebd60894815e3b0ca6ed9,net_operate_cash_flow_ttm,经营活动现金流量净额TTM, 计算过去12个月 经营活动产生的现金流量净值 之和,0.319748,0.100686,-0.008255,0.327867,0.239973,0.016851,0.659710,0.191470,0.073543,0.179688,0.766199,0.011746,0.186210,0.060825,0.136353,0.165077,0.014298,0.109848,0.020113,0.167223,0.871012,0,-0.194897,-0.072220,0.270937,-0.889559,0.014298
basics,基础科目及衍生类因子,daa3f565b62390e862137f5f15955bd1,operating_revenue_ttm,营业收入TTM, 计算过去12个月的 营业收入 之和,0.351506,0.109774,-0.000067,0.315266,0.289106,0.013341,0.655693,0.190472,0.072644,0.228334,0.732402,0.007134,0.176846,0.057922,0.099730,0.162281,0.010238,0.109848,0.019222,0.150931,0.872399,0,-0.179721,-0.066209,0.224459,-0.961718,0.010238
basics,基础科目及衍生类因子,671d804b77393230301afcc34ea217cc,interest_carry_current_liability,带息流动负债, 流动负债合计 - 无息流动负债,0.314489,0.099168,-0.009623,0.273980,0.259465,0.012082,0.586117,0.172930,0.056838,0.239467,0.619231,0.005967,0.181686,0.059424,0.104668,0.207709,0.009025,0.109848,0.013967,0.131514,0.829404,0,-0.174896,-0.064314,0.223862,-1.115453,0.009025
basics,基础科目及衍生类因子,c2d1a6b0040606196a50eebf2762e0fe,sale_expense_ttm,销售费用TTM, 计算过去12个月 销售费用 之和,0.408512,0.125741,0.014320,0.306728,0.366243,0.009256,0.312859,0.098696,-0.010048,0.304949,0.263609,0.006731,-0.085337,-0.030373,0.109101,-0.790788,0.007993,0.109848,0.005818,0.059190,0.843273,0,0.068567,0.023197,0.089557,-0.188820,0.007993
basics,基础科目及衍生类因子,019f262523b750b3259f422b1f282415,retained_earnings,留存收益, =盈余公积金+未分配利润,0.227550,0.073465,-0.032782,0.368716,0.134126,0.012800,0.468826,0.142182,0.029133,0.179937,0.558575,0.007842,0.114349,0.038147,0.264463,-0.012800,0.010321,0.109848,0.024466,0.167049,0.890430,0,-0.155339,-0.056704,0.314458,-0.668137,0.010321
basics,基础科目及衍生类因子,7ffba27fbb22d23c6b5bd949bc76dfcd,total_operating_cost_ttm,营业总成本TTM, 计算过去12个月的 营业总成本 之和,0.356001,0.111049,0.001081,0.311905,0.296421,0.011134,0.642423,0.187164,0.069663,0.234319,0.705499,0.007049,0.168215,0.055232,0.097481,0.142261,0.009092,0.109848,0.017860,0.145679,0.876560,0,-0.171908,-0.063144,0.244352,-0.963295,0.009092
basics,基础科目及衍生类因子,56156b0241463e3402dcf855e61453fa,non_operating_net_profit_ttm,营业外收支净额TTM, 营业外收入（TTM） - 营业外支出（TTM）,0.416961,0.128072,0.016420,0.209054,0.429494,0.007390,0.323111,0.101655,-0.007382,0.258223,0.298920,0.008176,-0.071570,-0.025351,0.145221,-0.976418,0.007783,0.109848,-0.001446,-0.032314,0.638003,0,0.063235,0.021428,0.079862,-0.277480,0.007783
basics,基础科目及衍生类因子,4b04cc1bc6b79f7cd9bb75ce97dd4b44,net_invest_cash_flow_ttm,投资活动现金流量净额TTM, 计算过去12个月 投资活动现金流量净额 之和,0.442581,0.135083,0.022737,0.236634,0.456699,0.008393,0.309004,0.097579,-0.011055,0.255129,0.262003,0.013444,-0.093996,-0.033557,0.123113,-0.958315,0.010918,0.109848,-0.005665,-0.081467,0.754508,0,0.085114,0.028648,0.084210,-0.147900,0.010918
basics,基础科目及衍生类因子,8833282e343f66c67114ebe5ade6bf42,financial_expense_ttm,财务费用TTM, 计算过去12个月 财务费用 之和,0.234934,0.075694,-0.030774,0.262763,0.164589,0.008051,0.425888,0.130524,0.018629,0.242030,0.430330,0.004777,0.140422,0.046483,0.111045,0.083634,0.006414,0.109848,0.008259,0.091211,0.841886,0,-0.138240,-0.050144,0.189346,-1.162914,0.006414
basics,基础科目及衍生类因子,39bf3d93fbc8ac49ca7e0ff0f941d46f,administration_expense_ttm,管理费用TTM, 计算过去12个月 管理费用 之和,0.474979,0.143834,0.030622,0.281977,0.445865,0.012789,0.427996,0.131102,0.019150,0.254153,0.436665,0.004944,-0.059169,-0.020869,0.111580,-0.630230,0.008867,0.109848,0.016247,0.146400,0.857143,0,0.034633,0.011842,0.105455,-0.291540,0.008867
basics,基础科目及衍生类因子,7a199c95d14bd020559369cb755c3506,net_interest_expense,净利息费用, 利息支出-利息收入,0.345939,0.108191,-0.001493,0.177672,0.354945,0.018719,0.251774,0.080743,-0.026224,0.325782,0.145108,0.009593,-0.056830,-0.020028,0.265496,-0.336051,0.014156,0.109848,-0.027188,-0.096138,0.963939,0,-0.033112,-0.011576,0.293906,-0.288734,0.014156
basics,基础科目及衍生类因子,3632e25a7cdf28d0413ffae9edb722cf,value_change_profit_ttm,价值变动净收益TTM, 计算过去12个月 价值变动净收益 之和,0.328710,0.103265,-0.005932,0.340368,0.265622,0.015992,0.469142,0.142267,0.029210,0.223577,0.499530,0.011700,0.070475,0.023828,0.112609,-0.184259,0.013846,0.109848,0.015639,0.171983,0.851595,0,-0.086397,-0.030761,0.201799,-0.806239,0.013846
basics,基础科目及衍生类因子,bc08a4eddbafbda048ebb6738d65486b,total_profit_ttm,利润总额TTM, 计算过去12个月 利润总额 之和,0.368872,0.114684,0.004357,0.328266,0.295222,0.015748,0.500411,0.150616,0.036732,0.200045,0.581367,0.013258,0.021472,0.007373,0.263572,-0.223191,0.014503,0.109848,0.019507,0.141719,0.905687,0,-0.079636,-0.028287,0.251595,-0.467132,0.014503
basics,基础科目及衍生类因子,39b81096fefc9a6034b076392573a922,net_finance_cash_flow_ttm,筹资活动现金流量净额TTM, 计算过去12个月 筹资活动现金流量净额 之和,0.388984,0.120320,0.009435,0.191036,0.412837,0.008523,0.395929,0.122254,0.011177,0.296380,0.364588,0.009556,0.011197,0.003858,0.216729,-0.387362,0.009039,0.109848,-0.010770,-0.126897,0.826630,0,-0.035630,-0.012467,0.197524,-0.562323,0.009039
basics,基础科目及衍生类因子,cd4a6845fb87db20079943ccb88974fa,interest_free_current_liability,无息流动负债, 应付票据+应付账款+预收账款(用 预售款项 代替)+应交税费+应付利息+其他应付款+其他流动负债,0.360844,0.112419,0.002316,0.315652,0.298338,0.011090,0.605869,0.177960,0.061371,0.234709,0.651719,0.006224,0.140714,0.046576,0.080187,0.066742,0.008657,0.109848,0.014940,0.135920,0.847434,0,-0.147617,-0.053731,0.200586,-0.951361,0.008657
basics,基础科目及衍生类因子,11e99d7c96266939978568e059afdae3,EBIT,息税前利润, =净利润+所得税+财务费用,0.208226,0.067592,-0.038074,0.342128,0.108081,0.023822,0.548623,0.163268,0.048132,0.188901,0.631494,0.017157,0.197527,0.064314,0.211902,0.170435,0.020489,0.109848,0.025137,0.179862,0.887656,0,-0.212672,-0.079354,0.262807,-0.836657,0.020489
basics,基础科目及衍生类因子,f11d1d943bb0dd31dbd4a6c655e39e0c,net_profit_ttm,净利润TTM, 计算过去12个月 净利润 之和,0.335990,0.105352,-0.004052,0.340897,0.259202,0.014558,0.497695,0.149895,0.036083,0.201559,0.575923,0.012304,0.046894,0.015973,0.253391,-0.167634,0.013431,0.109848,0.019338,0.141913,0.902913,0,-0.099842,-0.035718,0.265796,-0.528269,0.013431
basics,基础科目及衍生类因子,55beb3e7285e47c9188cbf7bd096f846,OperateNetIncome,经营活动净收益, 经营活动净收益/利润总额(%) * 利润总额,0.263711,0.084296,-0.023023,0.324047,0.181760,0.021133,0.558502,0.165829,0.050439,0.185381,0.649855,0.018416,0.165313,0.054325,0.228277,0.107718,0.019774,0.109848,0.019564,0.154528,0.882108,0,-0.184638,-0.068149,0.249777,-0.813213,0.019774
basics,基础科目及衍生类因子,cdc1c3328b4fde73676fc96af4446711,EBITDA,息税折旧摊销前利润,  =营业收入－经营成本－营业税及附加,0.225391,0.072812,-0.033370,0.342830,0.128724,0.028308,0.622010,0.182041,0.065047,0.193967,0.711965,0.023593,0.246323,0.079114,0.174664,0.300086,0.025951,0.109848,0.021217,0.171333,0.877947,0,-0.236133,-0.088934,0.300637,-0.989198,0.025951
basics,基础科目及衍生类因子,a4def120aad124a24f6a913727421ce7,asset_impairment_loss_ttm,资产减值损失TTM, 计算过去12个月 资产减值损失 之和,0.325133,0.102237,-0.006858,0.271720,0.286313,0.013061,0.534892,0.159691,0.044909,0.245809,0.559748,0.007569,0.148113,0.048918,0.077007,0.128919,0.010315,0.109848,0.007334,0.111144,0.760055,0,-0.140985,-0.051191,0.181146,-1.318251,0.010315
basics,基础科目及衍生类因子,6b1c332d84000589387448ed494ff260,np_parent_company_owners_ttm,归属于母公司股东的净利润TTM, 计算过去12个月 归属于母公司股东的净利润 之和,0.348639,0.108959,-0.000801,0.335398,0.274691,0.014759,0.478274,0.144717,0.031417,0.188651,0.549001,0.012361,0.024767,0.008496,0.274161,-0.221078,0.013560,0.109848,0.019549,0.140309,0.905687,0,-0.079772,-0.028337,0.273353,-0.479545,0.013560
basics,基础科目及衍生类因子,2b50a8b8172efa4befdb81c77528fc07,operating_cost_ttm,营业成本TTM, 计算过去12个月的 营业成本 之和,0.302088,0.095571,-0.012864,0.326590,0.229644,0.009895,0.569174,0.168583,0.052921,0.247683,0.609583,0.006645,0.163480,0.053751,0.097409,0.133436,0.008270,0.109848,0.017867,0.148712,0.898752,0,-0.166506,-0.061035,0.225827,-0.980386,0.008270
basics,基础科目及衍生类因子,c1ad3a9c2b0ded7edc13361758f86e67,net_debt,净债务, 总债务-期末现金及现金等价物余额,0.384409,0.119043,0.008284,0.266551,0.342606,0.007784,0.510047,0.153165,0.039030,0.236233,0.536475,0.005728,0.062986,0.021346,0.082436,-0.192786,0.006756,0.109848,0.014988,0.127820,0.848821,0,-0.084360,-0.030015,0.143534,-0.723582,0.006756
basics,基础科目及衍生类因子,989a8321b999ebd64d89b9288153d85c,non_recurring_gain_loss,非经常性损益, 净利润-扣除非经常损益后的净利润(元),0.495533,0.149321,0.035565,0.278151,0.483064,0.023476,0.538856,0.160726,0.045842,0.221339,0.581360,0.017245,0.009165,0.003160,0.181288,-0.497036,0.020360,0.109848,0.009305,0.155485,0.743412,0,-0.024681,-0.008604,0.164999,-0.655751,0.020360
basics,基础科目及衍生类因子,df7ff036e1c5a934e8dd3c5536d56c81,goods_sale_and_service_render_cash_ttm,销售商品提供劳务收到的现金, 计算过去12个月 销售商品提供劳务收到的现金 之和,0.324884,0.102166,-0.006922,0.323371,0.257582,0.013639,0.622678,0.182210,0.065199,0.242169,0.674316,0.007321,0.181255,0.059291,0.094484,0.178841,0.010480,0.109848,0.018853,0.152664,0.882108,0,-0.181456,-0.066893,0.224665,-0.990996,0.010480
basics,基础科目及衍生类因子,f3f75bf52f7957b8ee10ba4a3a9ca89e,gross_profit_ttm,毛利TTM, 计算过去12个月毛利之和,0.339783,0.106436,-0.003075,0.309800,0.268003,0.016992,0.506915,0.152338,0.038284,0.218612,0.564827,0.010367,0.066354,0.022464,0.131055,-0.141453,0.013680,0.109848,0.017034,0.146846,0.877947,0,-0.102958,-0.036873,0.218629,-0.620073,0.013680
basics,基础科目及衍生类因子,bc08c0232b52fcdaeae8e00ab7302957,market_cap,市值, 市值,0.307492,0.097141,-0.011450,0.321436,0.228824,0.030844,0.495498,0.149311,0.035557,0.245560,0.478634,0.027026,0.093272,0.031316,0.272220,-0.059400,0.028935,0.109848,-0.000037,-0.000259,0.876560,0,-0.140101,-0.050854,0.262220,-0.621426,0.028935
basics,基础科目及衍生类因子,43c1d0eea44e5d29d86ca2c91e4cea3f,cash_flow_to_price_ratio,现金流市值比, 1 / pcf_ratio (ttm),0.192908,0.062892,-0.042308,0.293759,0.108090,0.015394,0.600100,0.176496,0.060051,0.232359,0.665572,0.018351,0.329314,0.103439,0.042695,1.069792,0.016873,0.109848,0.004822,0.101294,0.685160,0,-0.255420,-0.096955,0.280022,-2.309535,0.016873
basics,基础科目及衍生类因子,5ff25fc5eb774770fa51d689c268d230,sales_to_price_ratio,营收市值比, 1 / ps_ratio (ttm),0.419474,0.128763,0.017043,0.306074,0.367291,0.016221,0.504136,0.151603,0.037621,0.241275,0.531296,0.011959,0.019649,0.006751,0.132987,-0.294799,0.014090,0.109848,0.018071,0.145440,0.869626,0,-0.054651,-0.019246,0.192867,-0.525297,0.014090
basics,基础科目及衍生类因子,bfcb267f9868d068df80493bd205f2c3,circulating_market_cap,流通市值, 流通市值,0.313129,0.098774,-0.009978,0.350898,0.232242,0.024979,0.513380,0.154045,0.039822,0.214657,0.506752,0.026653,0.100871,0.033789,0.238629,-0.045439,0.025816,0.109848,0.002854,0.021148,0.880721,0,-0.139377,-0.050577,0.261130,-0.662610,0.025816
basics,基础科目及衍生类因子,a0b9c053211a5f70d438ea59c9635ca9,operating_assets,经营性资产, 总资产 - 金融资产,0.331611,0.104097,-0.005182,0.300279,0.261964,0.011884,0.558162,0.165741,0.050360,0.211946,0.620826,0.007095,0.115855,0.038633,0.129278,-0.011377,0.009490,0.109848,0.020893,0.145497,0.877947,0,-0.140469,-0.050994,0.203869,-0.757108,0.009490
basics,基础科目及衍生类因子,adb5ad4717a259fc731eca0dd0fef423,financial_assets,金融资产, 货币资金 + 交易性金融资产 + 应收票据 + 应收利息 + 应收股利 + 可供出售金融资产 + 持有至到期投资,0.327654,0.102962,-0.006205,0.330748,0.268608,0.015462,0.462038,0.140354,0.027486,0.202275,0.501593,0.007231,0.061508,0.020854,0.194624,-0.184919,0.011346,0.109848,0.016761,0.164108,0.840499,0,-0.086671,-0.030862,0.230905,-0.684418,0.011346
basics,基础科目及衍生类因子,2de4ad4c16fdfa9b3172dc73b2fb6581,operating_liability,经营性负债, 总负债 - 金融负债,0.406938,0.125306,0.013928,0.300791,0.343480,0.010913,0.494439,0.149030,0.035303,0.229395,0.522324,0.006219,0.015833,0.005447,0.123612,-0.301712,0.008566,0.109848,0.016734,0.129335,0.872399,0,-0.052185,-0.018362,0.145199,-0.509602,0.008566
basics,基础科目及衍生类因子,6c376c59343ae952240fa132ce0a5c73,financial_liability,金融负债, (流动负债合计-无息流动负债)+(有息非流动负债)=(流动负债合计-应付账款-预收款项-应付职工薪酬-应交税费-其他应付款-一年内的递延收益-其它流动负债)+(长期借款+应付债券),0.373357,0.115945,0.005494,0.279479,0.327182,0.011041,0.600815,0.176677,0.060214,0.225619,0.635325,0.004859,0.137178,0.045453,0.101681,0.055197,0.007950,0.109848,0.014930,0.132379,0.857143,0,-0.145093,-0.052763,0.219015,-0.939023,0.007950
quality,质量类因子,45911f6136052f5eaa71c1de69f43984,net_profit_to_total_operate_revenue_ttm,净利润与营业总收入之比, 净利润与营业总收入之比=净利润（TTM）/营业总收入（TTM）,0.297033,0.094098,-0.014191,0.335784,0.230334,0.012600,0.348583,0.108943,-0.000816,0.264133,0.318096,0.007220,0.014784,0.005087,0.120694,-0.377034,0.009910,0.109848,0.003935,0.044187,0.830791,0,-0.038673,-0.013545,0.126772,-0.578256,0.009910
quality,质量类因子,cf069625c38c541b573bf2758656462c,cfo_to_ev,经营活动产生的现金流量净额与企业价值之比TTM, 经营活动产生的现金流量净额TTM / 企业价值。其中，企业价值=司市值+负债合计-货币资金,0.423657,0.129912,0.018078,0.347328,0.361200,0.015241,0.576951,0.170582,0.054723,0.179488,0.649130,0.017552,0.052361,0.017804,0.230747,-0.186345,0.016396,0.109848,0.018986,0.185562,0.841886,0,-0.087917,-0.031320,0.278872,-0.598761,0.016396
quality,质量类因子,fe77e005dbc83d216d2c6292e48b1b0b,accounts_payable_turnover_days,应付账款周转天数, 应付账款周转天数 = 360 / 应付账款周转率,0.497477,0.149837,0.036031,0.235549,0.508987,0.008608,0.223190,0.072146,-0.033971,0.350957,0.127281,0.007441,-0.176517,-0.064950,0.243350,-0.990667,0.008024,0.109848,-0.010732,-0.127987,0.811634,0,0.175569,0.057525,0.188967,0.165424,0.008024
quality,质量类因子,c7ef7f7d55a84c3bbc75ac27ca566c35,net_profit_ratio,销售净利率, 售净利率=净利润（TTM）/营业收入（TTM）,0.322067,0.101355,-0.007653,0.334489,0.260751,0.012430,0.425000,0.130281,0.018410,0.254781,0.416086,0.007426,0.052251,0.017767,0.094461,-0.244565,0.009928,0.109848,0.003392,0.038853,0.828017,0,-0.072076,-0.025535,0.144060,-0.720896,0.009928
quality,质量类因子,28d46c27553cd4d03cecca692793af40,net_non_operating_income_to_total_profit,营业外收支利润净额/利润总额, 营业外收支利润净额/利润总额,0.271176,0.086507,-0.021032,0.281362,0.207507,0.011019,0.710143,0.203866,0.084712,0.264898,0.700295,0.011048,0.344007,0.107641,0.048092,0.923769,0.011033,0.109848,0.006865,0.139393,0.714286,0,-0.267482,-0.102041,0.306170,-1.939855,0.011033
quality,质量类因子,e9d8fec21ce353aefde5267ae0acaf70,fixed_asset_ratio,固定资产比率, 固定资产比率=(固定资产+工程物资+在建工程)/总资产,0.274108,0.087373,-0.020251,0.322900,0.206252,0.005686,0.411620,0.126600,0.015093,0.266182,0.386485,0.004117,0.091171,0.030630,0.171756,-0.103584,0.004902,0.109848,0.002298,0.030896,0.790569,0,-0.104972,-0.037621,0.165899,-0.858064,0.004902
quality,质量类因子,4582827c45664161b8dc0d9ebcaa1cb5,account_receivable_turnover_days,应收账款周转天数, 应收账款周转天数=360/应收账款周转率,0.321435,0.101173,-0.007817,0.272597,0.290441,0.009384,0.357680,0.111524,0.001510,0.365963,0.278521,0.004889,0.041047,0.014007,0.180610,-0.235062,0.007136,0.109848,-0.007269,-0.071022,0.850416,0,-0.072766,-0.025785,0.228350,-0.594915,0.007136
quality,质量类因子,d6fa49f8bfbf348b265a040dc4c86c83,DEGM,毛利率增长, 毛利率增长=(今年毛利率（TTM）/去年毛利率（TTM）)-1,0.469849,0.142457,0.029381,0.292614,0.438296,0.011544,0.517012,0.155002,0.040684,0.287228,0.507480,0.011815,0.019888,0.006833,0.112654,-0.468353,0.011680,0.109848,0.003490,0.057302,0.747573,0,-0.033600,-0.011749,0.119377,-0.730736,0.011680
quality,质量类因子,110aa4b0d1183c9c131c262a08a79d73,sale_expense_to_operating_revenue,营业费用与营业总收入之比, 营业费用与营业总收入之比=销售费用（TTM）/营业总收入（TTM）,0.509005,0.152890,0.038782,0.304663,0.453559,0.005642,0.160791,0.052909,-0.051304,0.326884,0.055539,0.005105,-0.247258,-0.093545,0.262646,-1.608250,0.005374,0.109848,-0.009048,-0.113394,0.823856,0,0.302148,0.095588,0.086129,0.669439,0.005374
quality,质量类因子,8141ee16668b4aabfd76a7ebefc629eb,operating_tax_to_operating_revenue_ratio_ttm,销售税金率, 销售税金率=营业税金及附加（TTM）/营业收入（TTM）,0.490638,0.148018,0.034392,0.250571,0.506377,0.006770,0.381428,0.118209,0.007533,0.211619,0.375011,0.005036,-0.080883,-0.028743,0.180775,-1.135098,0.005903,0.109848,-0.000884,-0.017711,0.661581,0,0.076527,0.025826,0.111334,-0.234046,0.005903
quality,质量类因子,874e682d6123f955721a232756370e31,inventory_turnover_days,存货周转天数, 存货周转天数=360/存货周转率,0.286999,0.091164,-0.016835,0.313772,0.228181,0.007968,0.325867,0.102448,-0.006668,0.357757,0.242560,0.004805,0.040047,0.013670,0.133436,-0.277737,0.006387,0.109848,-0.008320,-0.092497,0.848821,0,-0.063147,-0.022302,0.155691,-0.657187,0.006387
quality,质量类因子,12267a5f29964378affb613640791791,OperatingCycle,营业周期, 应收账款周转天数+存货周转天数,0.323255,0.101697,-0.007345,0.231577,0.292727,0.009430,0.258677,0.082801,-0.024371,0.380363,0.163399,0.006540,-0.034897,-0.012207,0.241739,-0.445703,0.007985,0.109848,-0.011357,-0.105317,0.872399,0,-0.004102,-0.001420,0.233673,-0.353612,0.007985
quality,质量类因子,3c06b95bdd81f998d72745bd82a50322,net_operate_cash_flow_to_operate_income,经营活动产生的现金流量净额与经营活动净收益之比, 经营活动产生的现金流量净额（TTM）/(营业总收入（TTM）-营业总成本（TTM）,0.531116,0.158704,0.044020,0.325803,0.475736,0.009796,0.461710,0.140265,0.027406,0.277309,0.443785,0.010226,-0.068128,-0.024103,0.181291,-0.843301,0.010011,0.109848,0.007913,0.147275,0.739251,0,0.055343,0.018800,0.126425,-0.278889,0.010011
quality,质量类因子,e23c4b341a227b4e7f2a259cbc49667e,net_operating_cash_flow_coverage,净利润现金含量, 经营活动产生的现金流量净额/归属于母公司所有者的净利润,0.371021,0.115289,0.004902,0.293145,0.318792,0.016554,0.413917,0.127233,0.015664,0.265248,0.400710,0.017466,0.012429,0.004280,0.144432,-0.536215,0.017010,0.109848,0.002855,0.056171,0.694868,0,-0.024855,-0.008665,0.153055,-0.730547,0.017010
quality,质量类因子,50da9c4c685e847e2824bf3d06217f81,quick_ratio,速动比率, 速动比率=(流动资产合计-存货)/ 流动负债合计,0.544015,0.162070,0.047053,0.298927,0.536767,0.008772,0.181960,0.059509,-0.045357,0.330523,0.080603,0.006356,-0.235526,-0.088684,0.241984,-1.499219,0.007564,0.109848,-0.009912,-0.118270,0.796117,0,0.280431,0.089236,0.110626,0.573613,0.007564
quality,质量类因子,f4f87f43176efb868e21f33073bf3b34,intangible_asset_ratio,无形资产比率, 无形资产比率=(无形资产+研发支出+商誉)/总资产,0.312532,0.098602,-0.010134,0.302782,0.266058,0.006453,0.408945,0.125861,0.014428,0.261712,0.389813,0.004136,0.066940,0.022658,0.089907,-0.260610,0.005294,0.109848,0.003857,0.070914,0.722607,0,-0.074657,-0.026473,0.137036,-0.998912,0.005294
quality,质量类因子,d6ac9648468695526c9ef51c794396ab,MLEV,市场杠杆, 市场杠杆=非流动负债合计/(非流动负债合计+总市值),0.404609,0.124662,0.013347,0.303539,0.365194,0.011309,0.450176,0.137146,0.024596,0.255261,0.453020,0.009229,0.009285,0.003201,0.133416,-0.407555,0.010269,0.109848,0.011644,0.114238,0.864078,0,-0.032257,-0.011274,0.172538,-0.567866,0.010269
quality,质量类因子,2c4658851135029c4fc3483fb2ffa177,debt_to_equity_ratio,产权比率, 产权比率=负债合计/归属母公司所有者权益合计,0.283548,0.090152,-0.017747,0.278099,0.222206,0.007046,0.540356,0.161117,0.046194,0.299271,0.531912,0.004169,0.191932,0.062591,0.099636,0.296846,0.005608,0.109848,0.006553,0.085931,0.800277,0,-0.174982,-0.064347,0.230338,-1.371098,0.005608
quality,质量类因子,55ddb6c1912b789db7641b1ae4229ae6,super_quick_ratio,超速动比率, （货币资金+交易性金融资产+应收票据+应收帐款+其他应收款）／流动负债合计,0.377445,0.117093,0.006528,0.312788,0.347640,0.009312,0.208556,0.067693,-0.037983,0.317594,0.114926,0.007016,-0.121385,-0.043761,0.182400,-0.967799,0.008164,0.109848,-0.008738,-0.103275,0.804438,0,0.113775,0.037963,0.141164,-0.023540,0.008164
quality,质量类因子,5dc6af717a9060fc01b146c9923abfbb,inventory_turnover_rate,存货周转率, 存货周转率=营业成本（TTM）/存货,0.421765,0.129393,0.017610,0.313673,0.362498,0.009973,0.331499,0.104065,-0.005211,0.258050,0.304022,0.005127,-0.099426,-0.035563,0.214414,-0.724037,0.007550,0.109848,0.008825,0.079216,0.864078,0,0.076002,0.025653,0.189183,-0.137472,0.007550
quality,质量类因子,5385bbda3e32979e0f3d0ba814945178,operating_profit_growth_rate,营业利润增长率, 营业利润增长率=(今年营业利润（TTM）/去年营业利润（TTM）)-1,0.362255,0.112818,0.002676,0.321356,0.288722,0.012083,0.367588,0.114322,0.004031,0.302728,0.317512,0.015254,-0.018176,-0.006323,0.153024,-0.564295,0.013668,0.109848,0.005455,0.077631,0.782247,0,-0.001119,-0.000387,0.155782,-0.491990,0.013668
quality,质量类因子,14d1dd510972c33b770f69d4d3fa6d53,long_debt_to_working_capital_ratio,长期负债与营运资金比率, 长期负债与营运资金比率=非流动负债合计/(流动资产合计-流动负债合计),0.326422,0.102608,-0.006524,0.278493,0.304623,0.007422,0.513234,0.154006,0.039787,0.257225,0.538494,0.006678,0.137592,0.045584,0.095304,0.083195,0.007050,0.109848,0.003720,0.070904,0.701803,0,-0.132337,-0.047899,0.210763,-1.309514,0.007050
quality,质量类因子,8aae98aa5929db69a0203fee148e548f,current_ratio,流动比率(单季度), 流动比率=流动资产合计/流动负债合计,0.503855,0.151528,0.037554,0.273173,0.498757,0.008845,0.295118,0.093540,-0.014695,0.308003,0.218859,0.007206,-0.137748,-0.049956,0.190108,-0.973332,0.008026,0.109848,-0.009805,-0.108705,0.844660,0,0.131463,0.043633,0.116751,0.039310,0.008026
quality,质量类因子,4cda6b06144ee1be93565eb4df13ce93,net_operate_cash_flow_to_net_debt,经营活动产生现金流量净额/净债务, 经营活动产生现金流量净额/净债务,0.282175,0.089748,-0.018111,0.319642,0.207978,0.015296,0.422975,0.129725,0.017909,0.247124,0.405168,0.016155,0.088881,0.029881,0.135481,-0.140338,0.015725,0.109848,0.005590,0.102836,0.699029,0,-0.095323,-0.034046,0.138932,-1.026943,0.015725
quality,质量类因子,322bb506a01f3075fa5ce7ada3e1f6fd,net_operate_cash_flow_to_asset,总资产现金回收率, 经营活动产生的现金流量净额(ttm) / 总资产,0.302949,0.095821,-0.012639,0.360595,0.224896,0.013316,0.503876,0.151534,0.037559,0.221732,0.514160,0.012115,0.112072,0.037413,0.192648,-0.024387,0.012716,0.109848,0.008396,0.098562,0.837725,0,-0.129543,-0.046840,0.260247,-0.818758,0.012716
quality,质量类因子,c5daf4aa82bafe4e37a0eb3dfa906eff,non_current_asset_ratio,非流动资产比率, 非流动资产比率=非流动资产合计/总资产,0.317846,0.100137,-0.008750,0.296281,0.264330,0.006962,0.374158,0.116170,0.005696,0.276424,0.350181,0.005867,0.024868,0.008530,0.122046,-0.355993,0.006414,0.109848,0.007586,0.089013,0.837725,0,-0.046042,-0.016167,0.123403,-0.635365,0.006414
quality,质量类因子,d6801d09c82c30a8a2657f53a0fe059a,total_asset_turnover_rate,总资产周转率, 总资产周转率=营业收入(ttm)/总资产,0.351106,0.109660,-0.000170,0.305832,0.307888,0.007312,0.357288,0.111413,0.001410,0.268214,0.337504,0.004795,-0.013085,-0.004544,0.129679,-0.573603,0.006053,0.109848,0.005888,0.080933,0.796117,0,-0.004237,-0.001467,0.092900,-0.533981,0.006053
quality,质量类因子,4a59546637d7e8ee24aafbbab041d8fa,long_debt_to_asset_ratio,长期借款与资产总计之比, 长期借款与资产总计之比=长期借款/总资产,0.352756,0.110128,0.000252,0.304116,0.304824,0.009319,0.637093,0.185830,0.068462,0.280033,0.622787,0.007252,0.203395,0.066114,0.090983,0.337678,0.008286,0.109848,0.006492,0.096929,0.785021,0,-0.183290,-0.067616,0.210786,-1.391580,0.008286
quality,质量类因子,16b2fc4f79566d0fd944ee03a1543903,debt_to_tangible_equity_ratio,有形净值债务率, 负债合计/有形净值  其中有形净值=股东权益-无形资产净值，无形资产净值= 商誉+无形资产,0.259798,0.083134,-0.024070,0.264631,0.195077,0.008185,0.562281,0.166805,0.051319,0.290840,0.565001,0.004566,0.233059,0.075129,0.085227,0.469091,0.006375,0.109848,0.006941,0.091698,0.794730,0,-0.202090,-0.075094,0.252816,-1.536913,0.006375
quality,质量类因子,e60b8a135c3fb32c8968310335944114,ROAEBITTTM,总资产报酬率, （利润总额（TTM）+利息支出（TTM）） / 总资产在过去12个月的平均,0.320094,0.100786,-0.008165,0.321779,0.251020,0.011076,0.380956,0.118077,0.007414,0.241072,0.351641,0.009244,0.011682,0.004024,0.179863,-0.307524,0.010160,0.109848,0.002353,0.021238,0.857143,0,-0.049858,-0.017529,0.186042,-0.491762,0.010160
quality,质量类因子,2b7b2ae5f187f92fec248db25e8b22c3,operating_profit_ratio,营业利润率, 营业利润率=营业利润（TTM）/营业收入（TTM）,0.287203,0.091224,-0.016781,0.335264,0.220127,0.012010,0.389284,0.120404,0.009510,0.262149,0.371795,0.008459,0.054926,0.018661,0.101912,-0.233484,0.010234,0.109848,0.003532,0.041459,0.826630,0,-0.074666,-0.026476,0.153826,-0.727361,0.010234
quality,质量类因子,cbd28e0165c13e036dce8f3bd2c15230,long_term_debt_to_asset_ratio,长期负债与资产总计之比, 长期负债与资产总计之比=非流动负债合计/总资产,0.340504,0.106641,-0.002890,0.271989,0.299118,0.008290,0.500719,0.150697,0.036806,0.268337,0.490892,0.005164,0.112140,0.037436,0.106794,-0.033337,0.006727,0.109848,0.003457,0.051637,0.776699,0,-0.116086,-0.041770,0.171987,-1.062983,0.006727
quality,质量类因子,1fa133aaa43d9ded761c6850f59feea8,current_asset_turnover_rate,流动资产周转率TTM, 过去12个月的营业收入/过去12个月的平均流动资产合计,0.244734,0.078638,-0.028121,0.346697,0.161867,0.007966,0.450111,0.137129,0.024580,0.245422,0.467137,0.004465,0.123310,0.041027,0.129737,0.009403,0.006216,0.109848,0.009831,0.105531,0.851595,0,-0.139927,-0.050787,0.208812,-0.831521,0.006216
quality,质量类因子,bd28362f642e89d908258481f72b46c1,financial_expense_rate,财务费用与营业总收入之比,  = 财务费用（TTM） / 营业总收入（TTM）,0.293419,0.093043,-0.015142,0.292823,0.229995,0.005686,0.498848,0.150201,0.036359,0.287934,0.491329,0.005716,0.143787,0.047550,0.137942,0.093832,0.005701,0.109848,0.005020,0.070025,0.776699,0,-0.141931,-0.051553,0.210266,-1.137854,0.005701
quality,质量类因子,d1a880852768d65b1d5e5b94bde8a1da,operating_profit_to_total_profit,经营活动净收益/利润总额, 经营活动净收益/利润总额,0.252822,0.081056,-0.025942,0.306829,0.187648,0.014386,0.295459,0.093639,-0.014605,0.301786,0.240406,0.017235,0.031886,0.010913,0.088035,-0.502006,0.015811,0.109848,0.000695,0.014666,0.676838,0,-0.040254,-0.014106,0.144137,-0.933802,0.015811
quality,质量类因子,cb41003344cdbaf7f3b12c84084d865b,debt_to_asset_ratio,债务总资产比, 债务总资产比=负债合计/总资产,0.270824,0.086403,-0.021125,0.301834,0.198656,0.005460,0.526492,0.157492,0.042928,0.299013,0.526659,0.005185,0.182268,0.059605,0.110546,0.243871,0.005323,0.109848,0.005768,0.076143,0.804438,0,-0.169844,-0.062337,0.222459,-1.273020,0.005323
quality,质量类因子,3c0d153b945c41add9dd73f9e2b09283,equity_to_fixed_asset_ratio,股东权益与固定资产比率, 股东权益与固定资产比率=股东权益/(固定资产+工程物资+在建工程),0.563187,0.167039,0.051530,0.337729,0.488666,0.006084,0.224115,0.072426,-0.033719,0.336494,0.135846,0.004298,-0.239153,-0.090182,0.271724,-1.353252,0.005191,0.109848,0.000853,0.011756,0.776699,0,0.279541,0.088974,0.153130,0.509086,0.005191
quality,质量类因子,bca1da2adc42a0772f65d5ef0f6d2965,net_operate_cash_flow_to_total_liability,经营活动产生的现金流量净额/负债合计, 经营活动产生的现金流量净额/负债合计,0.290857,0.092294,-0.015817,0.332871,0.216097,0.019880,0.443922,0.135448,0.023066,0.240208,0.432532,0.017052,0.090817,0.030514,0.145769,-0.108857,0.018466,0.109848,0.007508,0.108244,0.786408,0,-0.103155,-0.036946,0.216889,-0.883008,0.018466
quality,质量类因子,a890b46550522f6766039984bee8e9b5,cash_rate_of_sales,经营活动产生的现金流量净额与营业收入之比, 经营活动产生的现金流量净额（TTM） / 营业收入（TTM）,0.381026,0.118096,0.007431,0.353822,0.317377,0.009697,0.570294,0.168871,0.053181,0.206194,0.615267,0.010194,0.097644,0.032740,0.178313,-0.082380,0.009945,0.109848,0.007177,0.106508,0.808599,0,-0.109181,-0.039189,0.270600,-0.898538,0.009945
quality,质量类因子,8a796b67a040383d3a3a43d626a1c406,operating_profit_to_operating_revenue,营业利润与营业总收入之比, 营业利润与营业总收入之比=营业利润（TTM）/营业总收入（TTM）,0.305190,0.096473,-0.012052,0.332745,0.243228,0.011844,0.354449,0.110609,0.000685,0.258523,0.328499,0.008305,0.013593,0.004679,0.123679,-0.381913,0.010075,0.109848,0.003905,0.045121,0.825243,0,-0.037485,-0.013124,0.132223,-0.574413,0.010075
quality,质量类因子,76a01f0ee7aa77a853ed0924a34df003,roa_ttm,资产回报率TTM, 资产回报率=净利润（TTM）/期末总资产,0.362900,0.113000,0.002840,0.319555,0.302568,0.010604,0.348427,0.108899,-0.000856,0.249869,0.309779,0.009773,-0.041616,-0.014591,0.195801,-0.476525,0.010188,0.109848,0.002137,0.019266,0.855756,0,0.004611,0.001592,0.170273,-0.335266,0.010188
quality,质量类因子,f23fab108c330e5a79ca85ed85f89365,admin_expense_rate,管理费用与营业总收入之比, 管理费用与营业总收入之比=管理费用（TTM）/营业总收入（TTM）,0.555174,0.164967,0.049663,0.225367,0.573212,0.008961,0.247978,0.079609,-0.027246,0.352352,0.166225,0.005663,-0.193841,-0.071799,0.227310,-1.454686,0.007312,0.109848,-0.005635,-0.082870,0.805825,0,0.219396,0.070995,0.107409,0.403290,0.007312
quality,质量类因子,db0a7652595f93963f2c052eb08d8676,fixed_assets_turnover_rate,固定资产周转率, 等于过去12个月的营业收入/过去12个月的平均（固定资产+工程物资+在建工程）,0.446405,0.136123,0.023674,0.293845,0.391786,0.006591,0.211502,0.068592,-0.037173,0.302682,0.125073,0.005365,-0.179381,-0.066075,0.187598,-1.329054,0.005978,0.109848,0.001087,0.017131,0.762829,0,0.196318,0.063942,0.102546,0.299977,0.005978
quality,质量类因子,b5d8a39429be226597d8fd367aa2eb2d,invest_income_associates_to_total_profit,对联营和合营公司投资收益/利润总额, 对联营和营公司投资收益/利润总额,0.315424,0.099438,-0.009380,0.309129,0.260051,0.016459,0.245806,0.078959,-0.027832,0.259360,0.181891,0.017475,-0.066308,-0.023444,0.129133,-1.053319,0.016967,0.109848,0.006022,0.110004,0.722607,0,0.059847,0.020302,0.079598,-0.327034,0.016967
quality,质量类因子,85a3bf5b859cf0d5f9f8807f6f19a4a5,equity_to_asset_ratio,股东权益比率, 股东权益比率=股东权益/总资产,0.526492,0.157492,0.042928,0.299013,0.526659,0.005185,0.270824,0.086403,-0.021125,0.301834,0.198656,0.005460,-0.169844,-0.062337,0.222459,-1.273020,0.005323,0.109848,-0.005768,-0.076143,0.804438,0,0.182268,0.059605,0.110546,0.243871,0.005323
quality,质量类因子,91d0736af9278ffce8e60768eaa2e5fa,goods_service_cash_to_operating_revenue_ttm,销售商品提供劳务收到的现金与营业收入之比, 销售商品提供劳务收到的现金与营业收入之比=销售商品和提供劳务收到的现金（TTM）/营业收入（TTM）,0.440835,0.134608,0.022309,0.335157,0.386710,0.008330,0.559515,0.166091,0.050675,0.223506,0.568850,0.008868,0.053051,0.018035,0.169648,-0.239562,0.008599,0.109848,0.004700,0.068998,0.791956,0,-0.073164,-0.025930,0.199605,-0.719057,0.008599
quality,质量类因子,05f0e9ce14dde5fa017984d031482e1a,cash_to_current_liability,现金比率, 期末现金及现金等价物余额/流动负债合计的12个月均值,0.479986,0.145175,0.031830,0.326201,0.475068,0.009914,0.184958,0.060437,-0.044520,0.326761,0.086634,0.008112,-0.199919,-0.074225,0.245315,-1.387590,0.009013,0.109848,-0.005738,-0.086378,0.768377,0,0.225573,0.072867,0.108207,0.399270,0.009013
quality,质量类因子,e399094cefb0ae385164868d4359d0ba,net_operate_cash_flow_to_total_current_liability,现金流动负债比, 现金流动负债比=经营活动产生的现金流量净额（TTM）/流动负债合计,0.295767,0.093729,-0.014524,0.369698,0.217617,0.012348,0.497631,0.149878,0.036068,0.225903,0.506421,0.007736,0.115544,0.038532,0.179483,-0.014217,0.010042,0.109848,0.006296,0.078645,0.823856,0,-0.130771,-0.047305,0.271696,-0.845635,0.010042
quality,质量类因子,98e36179a6ea09e62fb9187bbe08187f,ACCA,现金流资产比和资产回报率之差," 现金流资产比-资产回报率,其中现金流资产比=经营活动产生的现金流量净额/总资产",0.422752,0.129664,0.017854,0.305203,0.383850,0.020075,0.484895,0.146487,0.033012,0.248181,0.486936,0.021813,0.024615,0.008444,0.162199,-0.403613,0.020944,0.109848,0.003474,0.061675,0.736477,0,-0.041105,-0.014409,0.193240,-0.695903,0.020944
quality,质量类因子,2341ca8ee556895004bcf7896718f4e2,roe_ttm,权益回报率TTM, 权益回报率=净利润（TTM）/期末股东权益,0.365490,0.113731,0.003498,0.323339,0.300393,0.011764,0.416809,0.128030,0.016382,0.269352,0.391447,0.010819,0.002653,0.000917,0.206670,-0.329725,0.011292,0.109848,0.002538,0.021606,0.883495,0,-0.042311,-0.014838,0.178811,-0.462636,0.011292
quality,质量类因子,c2144bcf65f5acd277664a3d673840be,accounts_payable_turnover_rate,应付账款周转率,"TTM(营业成本,0)/（AvgQ(应付账款,4,0) + AvgQ(应付票据,4,0) + AvgQ(预付款项,4,0) ）",0.380180,0.117859,0.007218,0.331775,0.325769,0.009139,0.513437,0.154060,0.039835,0.235261,0.526570,0.006403,0.065187,0.022076,0.219433,-0.178774,0.007771,0.109848,0.009948,0.117051,0.837950,0,-0.088069,-0.031375,0.214552,-0.711906,0.007771
quality,质量类因子,e94b48e6740f976cd4837eee2bf4456a,gross_income_ratio,销售毛利率, 销售毛利率=(营业收入（TTM）-营业成本（TTM）)/营业收入（TTM）,0.494380,0.149014,0.035289,0.270659,0.485695,0.008563,0.250113,0.080247,-0.026671,0.341361,0.167001,0.007767,-0.164231,-0.060149,0.171424,-1.127996,0.008165,0.109848,-0.009266,-0.100472,0.826630,0,0.169524,0.055641,0.103261,0.176168,0.008165
quality,质量类因子,771a12c2597735598895e1c777df508d,adjusted_profit_to_total_profit,扣除非经常损益后的净利润/净利润, 扣除非经常损益后的净利润/净利润,0.384499,0.119068,0.008307,0.298845,0.348118,0.014872,0.514977,0.154466,0.040201,0.346003,0.467358,0.018622,0.097514,0.032697,0.117554,-0.093336,0.016747,0.109848,-0.004613,-0.077510,0.765603,0,-0.104831,-0.037569,0.230846,-0.991395,0.016747
quality,质量类因子,dabeea1d119a878fb5293dac19ee5dd3,account_receivable_turnover_rate,应收账款周转率,"即，TTM(营业收入,0)/（AvgQ(应收账款,4,0) + AvgQ(应收票据,4,0) + AvgQ(预收账款,4,0) ）",0.321206,0.101107,-0.007877,0.310174,0.261844,0.009758,0.328161,0.103107,-0.006074,0.249651,0.305417,0.009910,-0.028707,-0.010021,0.178403,-0.450767,0.009834,0.109848,0.006543,0.059405,0.867036,0,-0.006420,-0.002225,0.164531,-0.380510,0.009834
quality,质量类因子,0b606e3bb2a71250c6efb669a4d2f619,equity_turnover_rate,股东权益周转率, 股东权益周转率=营业收入(ttm)/股东权益,0.457018,0.138998,0.026265,0.294895,0.443384,0.006381,0.328875,0.103312,-0.005889,0.292090,0.278828,0.004890,-0.092979,-0.033182,0.138960,-1.004308,0.005635,0.109848,-0.003454,-0.050151,0.762829,0,0.085720,0.028847,0.083958,-0.153064,0.005635
quality,质量类因子,6bdd63f7c0eed333e995bc0e6fbdf378,total_profit_to_cost_ratio,成本费用利润率, 成本费用利润率=利润总额/(营业成本+财务费用+销售费用+管理费用)，以上科目使用的都是TTM的数值,0.275759,0.087860,-0.019812,0.356632,0.203112,0.013158,0.305538,0.096574,-0.011961,0.283327,0.251691,0.006662,0.003022,0.001044,0.114473,-0.416636,0.009910,0.109848,0.001066,0.011436,0.843273,0,-0.027872,-0.009727,0.127293,-0.531829,0.009910
quality,质量类因子,47ec879d98776483ab2f3b25bb075465,operating_cost_to_operating_revenue_ratio,销售成本率, 销售成本率=营业成本（TTM）/营业收入（TTM）,0.182368,0.059636,-0.045243,0.332762,0.083852,0.005755,0.448234,0.136619,0.024121,0.285508,0.432959,0.008334,0.202622,0.065877,0.117267,0.289043,0.007045,0.109848,0.006309,0.073706,0.823856,0,-0.187555,-0.069303,0.191435,-1.220886,0.007045
quality,质量类因子,b9a029bc82a13d2cacf4e84e04c61dc0,LVGI,财务杠杆指数, 本期(年报)资产负债率/上期(年报)资产负债率,0.361870,0.112709,0.002577,0.278408,0.308314,0.007733,0.312291,0.098532,-0.010197,0.340563,0.235948,0.007031,-0.035169,-0.012303,0.118303,-0.755493,0.007382,0.109848,-0.003225,-0.066470,0.658807,0,0.022201,0.007622,0.127245,-0.467685,0.007382
quality,质量类因子,c32164886af48f435c97456859707f17,SGI,营业收入指数, 本期(年报)营业收入/上期(年报)营业收入,0.417819,0.128308,0.016633,0.273865,0.359796,0.010440,0.360512,0.112325,0.002232,0.358959,0.295111,0.011073,-0.051689,-0.018184,0.186465,-0.658262,0.010756,0.109848,-0.004564,-0.057381,0.768377,0,0.030975,0.010604,0.128374,-0.332569,0.010756
quality,质量类因子,d7621a103dd701fba289045930e9a029,GMI,毛利率指数, 上期(年报)毛利率/本期(年报)毛利率,0.636523,0.185688,0.068333,0.290729,0.638048,0.008537,0.462880,0.140581,0.027691,0.270661,0.439367,0.007999,-0.111837,-0.040180,0.206423,-1.181591,0.008268,0.109848,0.000536,0.009462,0.692094,0,0.111026,0.037076,0.115119,-0.043090,0.008268
quality,质量类因子,c29e78b9e2ca635ea46a8a604b0ee080,DSRI,应收账款指数, 本期(年报)应收账款占营业收入比例/上期(年报)应收账款占营业收入比例,0.369805,0.114947,0.004594,0.276059,0.335154,0.009376,0.291002,0.092337,-0.015779,0.284631,0.229867,0.007837,-0.062557,-0.022090,0.091650,-0.839501,0.008607,0.109848,-0.002536,-0.042052,0.732316,0,0.050007,0.017016,0.095881,-0.310758,0.008607
quality,质量类因子,9033b1854a40a06e36f92153a646a4ef,rnoa_ttm,经营资产回报率TTM, 销售利润率*经营资产周转率,0.381857,0.118329,0.007641,0.312436,0.334533,0.011459,0.160819,0.052918,-0.051296,0.290928,0.058162,0.008422,-0.176602,-0.064983,0.257157,-1.156496,0.009941,0.109848,0.000013,0.000142,0.837725,0,0.185862,0.060717,0.144809,0.228222,0.009941
quality,质量类因子,8f2b457ab56dcbcd03c61d920c64b7b1,profit_margin_ttm,销售利润率TTM, 营业利润/营业收入,0.290028,0.092052,-0.016035,0.334697,0.223682,0.012038,0.402875,0.124181,0.012914,0.261723,0.389174,0.008666,0.062799,0.021284,0.101306,-0.203598,0.010352,0.109848,0.003560,0.041874,0.825243,0,-0.081783,-0.029072,0.152655,-0.751366,0.010352
quality,质量类因子,86c02d04667e4f34c2c670254907e30c,roe_ttm_8y,长期权益回报率TTM, 8年(1+roe_ttm)的累乘 ^ (1/8) - 1  # 至少要有近4年的数据，否则为 nan,0.499045,0.150253,0.036406,0.297009,0.471318,0.006473,0.327450,0.102903,-0.006258,0.258673,0.295467,0.006857,-0.140262,-0.050915,0.226064,-0.868786,0.006665,0.109848,-0.001778,-0.016901,0.857143,0,0.126903,0.042177,0.109864,0.020802,0.006665
quality,质量类因子,e800142cf7f39e8870433e7b9bb46e6e,asset_turnover_ttm,经营资产周转率TTM, 营业收入TTM/近4个季度期末净经营性资产均值; 净经营性资产=经营资产-经营负债,0.444366,0.135569,0.023175,0.299722,0.424071,0.005854,0.278372,0.088629,-0.019119,0.260701,0.220607,0.004974,-0.125174,-0.045189,0.259636,-1.115724,0.005414,0.109848,-0.001234,-0.020547,0.737864,0,0.123975,0.041240,0.163639,0.016236,0.005414
quality,质量类因子,31b2a1000241c19555592c61e0448c83,roa_ttm_8y,长期资产回报率TTM, 8年(1+roa_ttm)的乘积 ^ (1/8) - 1  # 至少要有近4年的数据，否则为 nan,0.378203,0.117305,0.006719,0.300885,0.337311,0.007655,0.241919,0.077794,-0.028882,0.273657,0.167396,0.005542,-0.115654,-0.041609,0.183806,-0.774172,0.006598,0.109848,-0.002631,-0.025916,0.857143,0,0.095046,0.031894,0.114068,-0.076899,0.006598
quality,质量类因子,d35a7d7458b56ee95ca82117dc134828,SGAI,销售管理费用指数, 本期(年报)销售管理费用占营业收入的比例/上期(年报)销售管理费用占营业收入的比例,0.481936,0.145697,0.032300,0.295999,0.462960,0.010082,0.580424,0.171473,0.055525,0.257280,0.543827,0.008709,0.068184,0.023070,0.088957,-0.235648,0.009395,0.109848,0.000169,0.002991,0.703190,0,-0.077691,-0.027578,0.169286,-0.940599,0.009395
quality,质量类因子,9aaa0162b05713a688e863f236011bda,DEGM_8y,长期毛利率增长, 过去8年(1+DEGM)的累成 ^ (1/8) - 1,0.461545,0.140221,0.027366,0.257149,0.449953,0.010432,0.389756,0.120535,0.009629,0.288965,0.358878,0.008853,-0.056951,-0.020072,0.131151,-0.752599,0.009643,0.109848,0.000107,0.001827,0.728155,0,0.041053,0.014009,0.118264,-0.325624,0.009643
quality,质量类因子,91181cd196c014270d1a131cb2364ab0,maximum_margin,最大盈利水平," max(margin_stability, DEGM_8y)",0.484391,0.146353,0.032891,0.245962,0.497317,0.009118,0.479830,0.145133,0.031793,0.266269,0.466867,0.012711,-0.003964,-0.001373,0.103283,-0.557148,0.010914,0.109848,-0.001903,-0.032033,0.758669,0,-0.011883,-0.004125,0.106765,-0.594214,0.010914
quality,质量类因子,04aa34986d72f7547a1d573bfdcc2b53,margin_stability,盈利能力稳定性, mean(GM)/std(GM); GM 为过去8年毛利率ttm,0.303950,0.096112,-0.012376,0.295111,0.261966,0.008677,0.210873,0.068400,-0.037346,0.275228,0.132295,0.006700,-0.079134,-0.028104,0.113077,-0.886740,0.007689,0.109848,-0.001769,-0.025765,0.783634,0,0.067583,0.022871,0.111324,-0.223029,0.007689
quality,质量类因子,bd24f5ef889cd788c716c8a72d95a93a,roic_ttm,投资资本回报率TTM, 权益回报率=归属于母公司股东的净利润（TTM）/ 前四个季度投资资本均值; 投资资本=股东权益+负债合计-无息流动负债-无息非流动负债;             无息流动负债=应付账款+预收款项+应付职工薪酬+应交税费+其他应付款+一年内的递延收益+其它流动负债;             无息非流动负债=非流动负债合计-长期借款-应付债券；,0.350821,0.109579,-0.000243,0.327205,0.290164,0.011922,0.364671,0.113500,0.003290,0.251542,0.325670,0.010079,-0.019243,-0.006696,0.199058,-0.396810,0.011001,0.109848,0.000856,0.007370,0.869626,0,-0.020358,-0.007087,0.182081,-0.400128,0.011001
pershare,每股指标因子,d4c41cdf0cde2ffac9b5de08f7cf7121,total_operating_revenue_per_share_ttm,每股营业总收入TTM, 营业总收入（TTM）除以总股本,0.407068,0.125342,0.013960,0.282666,0.379315,0.007853,0.551867,0.164110,0.048891,0.262350,0.555712,0.004965,0.092449,0.031047,0.107081,-0.116331,0.006409,0.109848,0.001265,0.016823,0.819695,0,-0.100163,-0.035837,0.149896,-0.985372,0.006409
pershare,每股指标因子,915ac406e808d54b8d88c0bfa829084b,cash_and_equivalents_per_share,每股现金及现金等价物余额, 每股现金及现金等价物余额,0.391917,0.121137,0.010172,0.287695,0.360866,0.011832,0.348140,0.108817,-0.000929,0.290817,0.295964,0.007206,-0.035261,-0.012336,0.160716,-0.672304,0.009519,0.109848,-0.003326,-0.050720,0.753121,0,0.018565,0.006381,0.092401,-0.431867,0.009519
pershare,每股指标因子,447a8e7994491d7f95c36c6c0ae4b27f,surplus_reserve_fund_per_share,每股盈余公积金, 每股盈余公积金,0.467294,0.141770,0.028762,0.311004,0.432821,0.006858,0.459841,0.139761,0.026952,0.207532,0.516264,0.006291,-0.044174,-0.015501,0.229399,-0.557691,0.006574,0.109848,0.008659,0.094543,0.841886,0,0.016710,0.005747,0.194754,-0.344187,0.006574
pershare,每股指标因子,88ee0eb1474fd2e905c8e3aaf023e3f5,retained_profit_per_share,每股未分配利润, 每股未分配利润,0.340419,0.106617,-0.002911,0.322537,0.288688,0.006319,0.363584,0.113193,0.003014,0.262600,0.336256,0.004509,-0.004549,-0.001575,0.209460,-0.436529,0.005414,0.109848,0.003599,0.038825,0.844660,0,-0.021407,-0.007455,0.150716,-0.498261,0.005414
pershare,每股指标因子,1016d0dc26e2a210992a69879a483ac1,operating_revenue_per_share_ttm,每股营业收入TTM, 营业收入（TTM）除以总股本,0.406056,0.125062,0.013708,0.282095,0.377338,0.007855,0.546009,0.162589,0.047520,0.264067,0.548415,0.005324,0.088966,0.029909,0.106752,-0.131100,0.006589,0.109848,0.001559,0.020575,0.816921,0,-0.097288,-0.034773,0.152336,-0.971417,0.006589
pershare,每股指标因子,883112023105f5f2d7ae686a8392d87c,net_asset_per_share,每股净资产, 归属母公司所有者权益合计除以总股本,0.389251,0.120394,0.009502,0.305781,0.346336,0.006839,0.268341,0.085668,-0.021787,0.300351,0.199259,0.005191,-0.099603,-0.035629,0.224950,-0.835820,0.006015,0.109848,-0.003080,-0.036037,0.812760,0,0.084654,0.028497,0.118068,-0.127127,0.006015
pershare,每股指标因子,141d75a983ec0c6874487526fb8c1f8b,total_operating_revenue_per_share,每股营业总收入, 每股营业总收入,0.354597,0.110651,0.000723,0.287494,0.310514,0.011395,0.643821,0.187513,0.069978,0.260997,0.654087,0.009015,0.200870,0.065340,0.095127,0.315873,0.010205,0.109848,0.003292,0.042246,0.832178,0,-0.182647,-0.067363,0.191530,-1.338316,0.010205
pershare,每股指标因子,ddeb9acfbf5a983237fd1fbe651d48ba,retained_earnings_per_share,每股留存收益, 每股留存收益,0.376012,0.116691,0.006165,0.320804,0.329557,0.007942,0.341074,0.106804,-0.002743,0.248022,0.320003,0.005409,-0.053139,-0.018704,0.195077,-0.605178,0.006675,0.109848,0.003610,0.037941,0.847434,0,0.027804,0.009528,0.143985,-0.314137,0.006675
pershare,每股指标因子,b5055d07a66f9e98d605e6b27d58e367,operating_revenue_per_share,每股营业收入, 每股营业收入,0.385898,0.119459,0.008659,0.284017,0.348826,0.011339,0.640025,0.186564,0.069123,0.262395,0.649344,0.009292,0.171050,0.056117,0.098877,0.201342,0.010315,0.109848,0.003586,0.045742,0.833564,0,-0.161756,-0.059188,0.180391,-1.239097,0.010315
pershare,每股指标因子,6b7679d7513633cfc009a4e651e2d66b,net_operate_cash_flow_per_share,每股经营活动产生的现金流量净额, 每股经营活动产生的现金流量净额,0.276024,0.087938,-0.019742,0.303168,0.202291,0.020713,0.491617,0.148279,0.034627,0.249369,0.507665,0.017304,0.139041,0.046045,0.104194,0.070763,0.019009,0.109848,0.006649,0.089859,0.787795,0,-0.140400,-0.050968,0.221691,-1.064944,0.019009
pershare,每股指标因子,2cd3786cf20bee4847bf59fe183a6908,operating_profit_per_share_ttm,每股营业利润TTM, 营业利润（TTM）除以总股本,0.332343,0.104307,-0.004993,0.328563,0.266208,0.012626,0.368026,0.114446,0.004142,0.244689,0.354790,0.008784,-0.013807,-0.004796,0.220132,-0.383951,0.010705,0.109848,0.002490,0.021738,0.865465,0,-0.025093,-0.008749,0.197273,-0.417832,0.010705
pershare,每股指标因子,1306d0dddc4569c485379ac35bd7fe29,eps_ttm,每股收益TTM, 过去12个月归属母公司所有者的净利润（TTM）除以总股本,0.270271,0.086239,-0.021273,0.344038,0.191826,0.013655,0.357827,0.111566,0.001547,0.266434,0.338903,0.007707,0.028510,0.009768,0.206155,-0.263269,0.010681,0.109848,0.002430,0.021097,0.876560,0,-0.064058,-0.022631,0.205601,-0.545407,0.010681
pershare,每股指标因子,6678e26f9829372e69167d981b38e6d6,cashflow_per_share_ttm,每股现金流量净额，根据当时日期来获取最近变更日的总股本, 现金流量净额（TTM）除以总股本,0.183535,0.059997,-0.044917,0.320119,0.087037,0.013647,0.521703,0.156235,0.041796,0.275712,0.516945,0.013690,0.270906,0.086427,0.079088,0.604407,0.013669,0.109848,0.003661,0.068833,0.708738,0,-0.226521,-0.084986,0.233411,-1.627129,0.013669
pershare,每股指标因子,141dfd38e0bfe2a0e103d2228da1e39b,operating_profit_per_share,每股营业利润, 每股营业利润,0.237724,0.076534,-0.030018,0.339800,0.150086,0.020195,0.525003,0.157102,0.042577,0.246901,0.545041,0.014332,0.185774,0.060690,0.171776,0.178245,0.017264,0.109848,0.008365,0.074620,0.873786,0,-0.188900,-0.069836,0.225430,-0.946231,0.017264
pershare,每股指标因子,09e2b397b6df09daa5167e57823c570a,capital_reserve_fund_per_share,每股资本公积金, 每股资本公积金,0.311895,0.098417,-0.010300,0.250428,0.273199,0.007764,0.331408,0.104039,-0.005234,0.361773,0.237947,0.004114,0.039007,0.013319,0.224397,-0.265737,0.005939,0.109848,-0.011407,-0.128229,0.839112,0,-0.065167,-0.023032,0.228030,-0.627795,0.005939
style,风险因子 - 风格因子,3d57705d6a25179473f8dd72587e5339,leverage,杠杆因子, 0.38 * 市场杠杆 + 0.35 * 资产负债率 + 0.27 * 账面杠杆,0.208841,0.067780,-0.037905,0.320433,0.114788,0.002614,0.306373,0.096816,-0.011742,0.240622,0.282578,0.002337,0.024686,0.008468,0.200852,-0.228289,0.002476,0.109848,0.016722,0.109386,0.893204,0,-0.076418,-0.027114,0.217875,-0.485896,0.002476
style,风险因子 - 风格因子,5e6dfb6c0ff275f13390053d2022ab48,size,市值因子, 资产规模 = 1.0 * 对数总资产 = 总资产的对数,0.348349,0.108877,-0.000876,0.317995,0.277849,0.028782,0.406336,0.125140,0.013778,0.268423,0.370703,0.031053,-0.011051,-0.003835,0.299286,-0.259348,0.029918,0.109848,-0.003229,-0.019381,0.911234,0,-0.068926,-0.024392,0.266632,-0.380970,0.029918
style,风险因子 - 风格因子,1e67d07ff6b9e9ea3820c6ef21198672,momentum,动量因子, 动量因子=1.0*相对强弱因子=sum(w_t * ln(1 + r_t))，其中r_t取滞后21个交易日的前504个交易日的close数据，w_t为半衰期为126天的指数权重，满足w(t-126)=0.5*w(t),0.115583,0.038545,-0.064246,0.397681,-0.005443,0.052808,0.459990,0.139801,0.026988,0.284030,0.394811,0.057953,0.205303,0.066698,0.306419,0.119164,0.055380,0.109848,0.010380,0.045899,0.922330,0,-0.282405,-0.108409,0.376026,-0.662402,0.055380
style,风险因子 - 风格因子,cf6ae5aa3d8e7399d733185202c9b989,non_linear_size,非线性市值因子, 1.0*市值立方因子，标准化市值因子的三次方，之后将结果和标准化市值因子回归取残差（去除和市值因子的共线性），然后残差值进行缩尾处理（将3倍标准差之外的点处理成3倍标准差）和标准化,0.406336,0.125140,0.013778,0.268423,0.370703,0.031053,0.339001,0.106212,-0.003276,0.317277,0.267380,0.029882,-0.075354,-0.026726,0.266191,-0.395824,0.030468,0.109848,0.003471,0.020938,0.904300,0,-0.003744,-0.001296,0.290764,-0.244971,0.030468
style,风险因子 - 风格因子,66dac5798d113e92a3643b29914db20c,book_to_price_ratio,市净率因子,每股净资产与每股股价的比率,0.312742,0.098662,-0.010079,0.403686,0.210395,0.017551,0.424564,0.130161,0.018302,0.174932,0.464524,0.014399,-0.038132,-0.013353,0.394671,-0.254356,0.015975,0.109848,0.035446,0.158002,0.947295,0,-0.084459,-0.030051,0.392201,-0.333961,0.015975
style,风险因子 - 风格因子,d5ad034e9117a82a1df54288956fdbca,liquidity,流动性因子, 0.35 * 月换手率 + 0.35 * 季度平均平均月换手率 + 0.3 * 年度平均月换手率，之后将结果和市值因子做回归，取残差（去除和市值因子的共线性）,0.331304,0.104009,-0.005261,0.199245,0.368233,0.012849,0.472352,0.143129,0.029987,0.442291,0.325313,0.015740,0.128682,0.042745,0.360551,0.011602,0.014295,0.109848,-0.036135,-0.154241,0.959778,0,-0.246389,-0.093183,0.473045,-0.562836,0.014295
style,风险因子 - 风格因子,838cee8be87d5747b9f5dbcc78cfd0ba,cash_earnings_to_price_ratio,现金流量市值比, 过去一年的净经营现金流 除以 当前股票市值,0.452940,0.137895,0.025271,0.384647,0.350255,0.009336,0.475019,0.143845,0.030631,0.192884,0.545677,0.014288,-0.090933,-0.032428,0.389243,-0.388111,0.011812,0.109848,0.024992,0.138448,0.933426,0,-0.005270,-0.001825,0.335758,-0.224125,0.011812
style,风险因子 - 风格因子,a8d9913acef9a175d1af0265502b26a8,historical_sigma,残差历史波动率, 计算 beta 收益之时的残差收益率的波动率,0.381310,0.118176,0.007503,0.219860,0.420407,0.010467,0.389604,0.120493,0.009591,0.410696,0.263030,0.011457,0.020082,0.006899,0.369742,-0.149507,0.010962,0.109848,-0.043129,-0.187980,0.943135,0,-0.149139,-0.054315,0.406027,-0.425994,0.010962
style,风险因子 - 风格因子,b71bef1e757c914896c0c26b7055de52,earnings_growth,5年盈利增长率, 过去5个财年 年均EPS增长 除以 年均EPS,0.442521,0.135067,0.022722,0.312211,0.399496,0.004050,0.350282,0.109426,-0.000381,0.316493,0.299378,0.004219,-0.080024,-0.028429,0.187400,-0.714651,0.004134,0.109848,-0.006607,-0.066330,0.843273,0,0.058572,0.019877,0.119777,-0.210157,0.004134
style,风险因子 - 风格因子,83e209d29da81a36c117027696273001,earnings_to_price_ratio,利润市值比, 过去一年的净利润 除以 当前股票市值，等于 PE 的倒数,0.370242,0.115070,0.004704,0.374269,0.269051,0.009599,0.409525,0.126021,0.014572,0.186791,0.484339,0.015298,-0.092327,-0.032941,0.414010,-0.361501,0.012448,0.109848,0.025899,0.126480,0.923717,0,-0.020551,-0.007155,0.380493,-0.233701,0.012448
style,风险因子 - 风格因子,564b0dc8fb52f5dcfbf045e964e16bfe,market_leverage,市场杠杆, (普通股市值 + 优先股账面价值(中国股票为0) + 长期负债账面价值) / 普通股市值，长期负债账面价值=长期借款+应付债券,0.299475,0.094810,-0.013550,0.318919,0.224450,0.004165,0.436735,0.133491,0.021302,0.226594,0.469120,0.002698,0.036500,0.012473,0.243322,-0.173762,0.003431,0.109848,0.016525,0.099492,0.919556,0,-0.102683,-0.036771,0.224667,-0.484618,0.003431
style,风险因子 - 风格因子,c63c6ea3031483937252110fdfdb8c89,natural_log_of_market_cap,对数总市值, 对数总市值=总市值的对数,0.348725,0.108983,-0.000779,0.317804,0.278281,0.028797,0.430753,0.131857,0.019830,0.266281,0.392853,0.030152,0.006123,0.002113,0.299264,-0.217682,0.029474,0.109848,-0.003350,-0.020025,0.922330,0,-0.089370,-0.031853,0.281410,-0.412835,0.029474
style,风险因子 - 风格因子,35a1d9fb1de8714b7d21d2b1bd3117ac,average_share_turnover_quarterly,季度平均平均月换手率, ln(sum(turn_over_ratio)/3)，turn_over_ratio为过去三个月（63个交易日）的平均换手率,0.377481,0.117103,0.006536,0.186117,0.449588,0.011148,0.630096,0.184076,0.066880,0.439834,0.443036,0.011272,0.212134,0.068785,0.371066,0.118054,0.011210,0.109848,-0.035412,-0.147009,0.945908,0,-0.305290,-0.118345,0.511464,-0.649412,0.011210
style,风险因子 - 风格因子,ee624607a9e43e070233e8e89eaa52dd,cumulative_range,收益离差," ln(1+Z_max)-ln(1+Z_min)，其中Z_t=cumsum(ln(1+r_t))，t=1,2,...,12，r_t为向前推t个月的月收益",0.286441,0.091000,-0.016982,0.201495,0.302702,0.120053,0.331634,0.104104,-0.005176,0.439094,0.201475,0.077073,0.066399,0.022478,0.368616,-0.077101,0.098563,0.109848,-0.039827,-0.165594,0.938974,0,-0.192269,-0.071173,0.444396,-0.489195,0.098563
style,风险因子 - 风格因子,dedaed5e77c6424ed222fe04e021b760,cube_of_size,市值立方因子, 标准化市值因子的三次方，之后将结果和标准化市值因子回归取残差（去除和市值因子的共线性），然后残差值进行缩尾处理（将3倍标准差之外的点处理成3倍标准差）和标准化,0.430753,0.131857,0.019830,0.266281,0.392853,0.030152,0.349714,0.109265,-0.000526,0.317804,0.279421,0.028769,-0.088706,-0.031609,0.281410,-0.411431,0.029461,0.109848,0.003369,0.020133,0.923717,0,0.005389,0.001860,0.299264,-0.219133,0.029461
style,风险因子 - 风格因子,cd1f7e5856165106967cbd0371e5ae41,share_turnover_monthly,月换手率, ln(sum(turn_over_ratio))，turn_over_ratio为过去21个交易日的换手率,0.342499,0.107211,-0.002377,0.201436,0.388994,0.024647,0.392999,0.121439,0.010443,0.451911,0.251130,0.024205,0.064143,0.021730,0.379140,-0.076140,0.024426,0.109848,-0.041012,-0.177640,0.940361,0,-0.204316,-0.075987,0.459700,-0.483374,0.024426
style,风险因子 - 风格因子,d2c34df66827060c8f53c6cc1051fce8,book_leverage,账面杠杆, (普通股账面价值 + 优先股账面价值 + 长期负债账面价值) / 普通股账面价值,0.331624,0.104101,-0.005178,0.296015,0.274800,0.003164,0.336479,0.105491,-0.003926,0.264722,0.320200,0.002396,-0.034056,-0.011910,0.240927,-0.435682,0.002780,0.109848,0.007678,0.063393,0.876560,0,-0.006332,-0.002194,0.188405,-0.354138,0.002780
style,风险因子 - 风格因子,16f1d8d6cbb4932fef8f4a12c28f0e2b,growth,成长因子,0.18 * 预期长期盈利增长率 + 0.11 * 预期短期盈利增长率 + 0.24 * 5年盈利增长率 + 0.47 * 5年营业收入增长率,0.288363,0.091564,-0.016475,0.277756,0.227631,0.006694,0.323144,0.101665,-0.007374,0.342306,0.249903,0.008382,0.027112,0.009293,0.182651,-0.316784,0.007538,0.109848,-0.008804,-0.088716,0.844660,0,-0.052465,-0.018462,0.224055,-0.603112,0.007538
style,风险因子 - 风格因子,3f135457d1dfe5be0fb6222bd81d2636,earnings_yield,盈利预期因子,0.68 * 预期市盈率 + 0.21 * 营业收益市值比 + 0.11 * 利润市值比,0.339651,0.106398,-0.003109,0.395031,0.228633,0.017109,0.533863,0.159422,0.044667,0.202693,0.642454,0.021632,-0.004234,-0.001466,0.393915,-0.190573,0.019371,0.109848,0.028492,0.130879,0.933426,0,-0.124154,-0.044804,0.394773,-0.389748,0.019371
style,风险因子 - 风格因子,feb14e5142bb01ba978421a8de29261b,average_share_turnover_annual,年度平均月换手率, ln(sum(turn_over_ratio)/12)，turn_over_ratio为过去十二个月（252个交易日）的平均换手率,0.253427,0.081237,-0.025780,0.208712,0.238044,0.004467,0.505970,0.152088,0.038059,0.422630,0.351181,0.005297,0.229825,0.074153,0.334709,0.145077,0.004882,0.109848,-0.028575,-0.121322,0.937587,0,-0.307264,-0.119212,0.491793,-0.676309,0.004882
style,风险因子 - 风格因子,ce020971d7bf28557268c2810f781212,daily_standard_deviation,日收益率标准差, sqrt(sum(w_t*(r_t - r_mean)**2))，其中r_t为过去252个交易日的日收益率，w_t为半衰期为42个交易日的指数权重，满足w(t-42)=0.5*w(t),0.430002,0.131651,0.019645,0.174274,0.570905,0.018102,0.401311,0.123748,0.012524,0.456071,0.250470,0.021799,-0.005462,-0.001892,0.456990,-0.152755,0.019950,0.109848,-0.047639,-0.168593,0.947295,0,-0.190991,-0.070666,0.515162,-0.403531,0.019950
style,风险因子 - 风格因子,249427b1cede1e72606ad18b8dcd829c,debt_to_assets,资产负债率, 总负债账面价值 / 总资产账面价值,0.227151,0.073345,-0.032891,0.317242,0.139252,0.002766,0.341265,0.106859,-0.002694,0.309333,0.303083,0.001909,0.059503,0.020187,0.141240,-0.172686,0.002337,0.109848,0.012698,0.099899,0.876560,0,-0.091380,-0.032593,0.152429,-0.632710,0.002337
style,风险因子 - 风格因子,016bb2d630fcbc7ed07eca0797f72564,relative_strength,相对强弱, sum(w_t * ln(1 + r_t))，其中r_t取滞后21个交易日的前504个交易日的close数据，w_t为半衰期为126天的指数权重，满足w(t-126)=0.5*w(t),0.117832,0.039269,-0.063594,0.398507,-0.002736,0.052728,0.458252,0.139332,0.026565,0.284096,0.393018,0.058045,0.201462,0.065522,0.307045,0.113940,0.055387,0.109848,0.010404,0.046007,0.922330,0,-0.280058,-0.107402,0.374097,-0.658068,0.055387
style,风险因子 - 风格因子,49cb84f0276a4e0f511ecddcbfc59c57,sales_growth,5年营业收入增长率, 过去5个财年的 每股营业收入增长 除以 年均每股营业收入,0.287987,0.091454,-0.016574,0.265123,0.229352,0.003473,0.284815,0.090524,-0.017412,0.354370,0.202174,0.004580,0.001839,0.000635,0.182005,-0.414904,0.004026,0.109848,-0.009585,-0.098913,0.821082,0,-0.027452,-0.009579,0.193320,-0.522564,0.004026
style,风险因子 - 风格因子,0a597231829d081705de53b535eb7bf0,residual_volatility,残差波动因子, 0.74 * 日收益率标准差(DASTD) + 0.16 * 收益离差(CMRA) + 0.1 * 残差历史波动率(HSIGMA)，之后将结果和beta因子，市值因子做回归，取残差,0.374535,0.116276,0.005792,0.273448,0.360261,0.036694,0.256908,0.082274,-0.024845,0.376263,0.162778,0.035934,-0.089702,-0.031975,0.342714,-0.450036,0.036314,0.109848,-0.042143,-0.288262,0.904300,0,0.020298,0.006973,0.279665,-0.206509,0.036314
style,风险因子 - 风格因子,fb1874230d92f4c9ecdcd7f801654f5a,beta,BETA,一元线性回归求解 beta=sum(w_t*(r_t-r_mean)*(R_t-R_mean))/sum(w_t*(R_t-R_mean)^2)，其中r_t、R_t分别使用前252个交易日的股票和中证流通指数的close数据，w_t为半衰期为63个交易日的指数加权平均权重，w_t=0.5**(t/63),0.094319,0.031657,-0.070453,0.192101,-0.054547,0.018368,0.745746,0.212474,0.092468,0.430731,0.496278,0.021342,0.615129,0.180305,0.389612,0.471474,0.019855,0.109848,-0.025880,-0.082880,0.951456,0,-0.520997,-0.224705,0.675646,-0.889502,0.019855
style,风险因子 - 风格因子,944737a5d811e98fdc9270cb87b9b394,predicted_earnings_to_price_ratio,预期市盈率, 分析师对未来一年预期盈利加权平均值 除以 当前股票市值,0.306559,0.096870,-0.011694,0.410032,0.194036,0.018369,0.463561,0.140764,0.027856,0.214159,0.535340,0.020800,-0.031033,-0.010841,0.406695,-0.226512,0.019584,0.109848,0.027972,0.126211,0.941748,0,-0.107789,-0.038670,0.395209,-0.350494,0.019584
style,风险因子 - 风格因子,9a0777c721fbfb54abd7431b34825599,raw_beta,RAW BETA,一元线性回归求解 beta=sum(w_t*(r_t-r_mean)*(R_t-R_mean))/sum(w_t*(R_t-R_mean)^2)，其中r_t、R_t分别使用前252个交易日的股票和中证流通指数的close数据，w_t为半衰期为63个交易日的指数加权平均权重，w_t=0.5**(t/63),0.094319,0.031657,-0.070453,0.192101,-0.054547,0.018368,0.745746,0.212474,0.092468,0.430731,0.496278,0.021342,0.615129,0.180305,0.389612,0.471474,0.019855,0.109848,-0.025893,-0.082916,0.951456,0,-0.520997,-0.224705,0.675646,-0.889502,0.019855
style,风险因子 - 风格因子,28677b9af616272af16294f4f56a3882,short_term_predicted_earnings_growth,预期短期盈利增长率, 分析师预测未来1年盈利增长率,0.266690,0.085179,-0.022228,0.294980,0.217513,0.016795,0.562277,0.166804,0.051319,0.331518,0.495846,0.012119,0.243259,0.078196,0.122152,0.297490,0.014457,0.109848,-0.006389,-0.050503,0.886269,0,-0.233127,-0.087696,0.319905,-0.994569,0.014457
style,风险因子 - 风格因子,3760ba14ba10af24d603837be1a3b7a6,long_term_predicted_earnings_growth,预期长期盈利增长率, 分析师预测未来3-5年盈利增长率,0.133584,0.044309,-0.059052,0.189866,0.021419,0.020936,-0.002618,-0.000906,-0.099792,0.254820,-0.202763,0.038102,-0.135982,-0.049284,0.205626,-0.788831,0.029519,0.109848,0.002981,0.024250,0.851595,0,0.115315,0.038459,0.159052,-0.013617,0.029519
emotion,情绪类因子,4f2285edbad9209a2e83f222636199dc,PSY,心理线指标, n日内连续上涨的天数/n *100。 本因子的计算窗口为12日。,0.563393,0.167092,0.051578,0.258497,0.554290,0.244475,0.205595,0.066788,-0.038799,0.301825,0.125376,0.242413,-0.249276,-0.094386,0.265319,-1.241063,0.243444,0.109848,-0.013802,-0.146705,0.823856,0,0.287561,0.091329,0.131496,0.474026,0.243444
emotion,情绪类因子,ce35628e1f4c945bdc4d02ac04a2e595,VROC12,12日量变动速率指标, 成交量减N日前的成交量，再除以N日前的成交量，放大100倍，得到VROC值 ，n=12,0.408617,0.125771,0.014346,0.270703,0.379101,0.521780,0.328059,0.103078,-0.006100,0.366336,0.269089,0.484898,-0.068986,-0.024414,0.257147,-0.582172,0.503339,0.109848,-0.023116,-0.267038,0.818308,0,0.036774,0.012566,0.230726,-0.247950,0.503339
emotion,情绪类因子,d5785368bb44c94c5057aea17c33b1aa,TVMA6,6日成交金额的移动平均值, 6日成交金额的移动平均值,0.444246,0.135536,0.023145,0.223029,0.509694,0.061091,0.253566,0.081278,-0.025742,0.384086,0.156684,0.076153,-0.112982,-0.040608,0.274613,-0.582231,0.068622,0.109848,-0.036049,-0.255162,0.884882,0,0.066641,0.022559,0.244840,-0.125979,0.068622
emotion,情绪类因子,65d713fe33c86bf30510459f1d1b0412,VEMA10,成交量的10日指数移动平均,,0.606059,0.178009,0.061414,0.231786,0.668563,0.033673,0.324683,0.102108,-0.006975,0.305586,0.257425,0.035142,-0.166554,-0.061054,0.214459,-1.095166,0.034408,0.109848,-0.016264,-0.219966,0.776699,0,0.170647,0.055991,0.111132,0.173307,0.034408
emotion,情绪类因子,7329b2a1daade6db86652995e62e05b1,VR,成交量比率（Volume Ratio）, VR=（AVS+1/2CVS）/（BVS+1/2CVS）,0.428925,0.131356,0.019379,0.279141,0.406818,0.174521,0.262816,0.084031,-0.023263,0.295762,0.196258,0.177718,-0.133385,-0.048297,0.206951,-0.762606,0.176120,0.109848,-0.016822,-0.162450,0.852982,0,0.110064,0.036766,0.172618,-0.027936,0.176120
emotion,情绪类因子,7fb400f462a6e5eba40eb5584e295801,VOL5,5日平均换手率," 5日换手率的均值,单位为%",0.428465,0.131230,0.019266,0.235515,0.480544,0.074938,0.250920,0.080489,-0.026454,0.413060,0.139094,0.084189,-0.096530,-0.034492,0.311190,-0.454784,0.079564,0.109848,-0.040841,-0.279456,0.904300,0,0.024295,0.008335,0.285047,-0.193319,0.079564
emotion,情绪类因子,7230b2e934af2109fb73dd19319b3fbf,BR,意愿指标, BR=N日内（当日最高价－昨日收盘价）之和 / N日内（昨日收盘价－当日最低价）之和×100 n设定为26,0.401815,0.123888,0.012650,0.272919,0.380097,0.157280,0.442770,0.135135,0.022784,0.287580,0.401748,0.152337,0.012135,0.004179,0.144570,-0.261424,0.154809,0.109848,-0.021773,-0.183102,0.841886,0,-0.064149,-0.022664,0.204893,-0.457333,0.154809
emotion,情绪类因子,4d0b8764d4816fdd2c0de9af194160e0,VEMA12,12日成交量的移动平均值,,0.600068,0.176487,0.060043,0.230517,0.659750,0.030091,0.309000,0.097578,-0.011056,0.301279,0.238264,0.030967,-0.173281,-0.063681,0.213199,-1.125918,0.030529,0.109848,-0.015683,-0.211956,0.779473,0,0.180284,0.058989,0.102231,0.206215,0.030529
emotion,情绪类因子,dae62b7e9c6a76267fbef907f47d54ac,TVMA20,20日成交金额的移动平均值, 20日成交金额的移动平均值,0.351912,0.109889,0.000036,0.227362,0.370815,0.028004,0.373565,0.116004,0.005546,0.351567,0.285186,0.034756,0.039373,0.013443,0.208042,-0.188580,0.031380,0.109848,-0.029838,-0.203337,0.880721,0,-0.091452,-0.032619,0.290163,-0.515660,0.031380
emotion,情绪类因子,a4caae00a9851e7d713a99c7eff483f5,DAVOL5,5日平均换手率与120日平均换手率, 5日平均换手率 / 120日平均换手率,0.610440,0.179119,0.062414,0.274534,0.621038,0.135408,0.081850,0.027577,-0.074129,0.387194,-0.050731,0.140527,-0.332670,-0.130519,0.360076,-1.434085,0.137968,0.109848,-0.030264,-0.314860,0.848821,0,0.438251,0.133904,0.142073,0.789746,0.137968
emotion,情绪类因子,1429b8619851fb37c7aeefe7bd0dbf27,VDIFF,计算VMACD因子的中间变量, EMA(VOLUME，SHORT)-EMA(VOLUME，LONG) short设置为12，long设置为26，M设置为9,0.461385,0.140178,0.027327,0.280457,0.433775,0.125162,0.211231,0.068509,-0.037247,0.377142,0.122229,0.148153,-0.184336,-0.068029,0.270229,-0.984489,0.136657,0.109848,-0.023186,-0.251490,0.811373,0,0.184033,0.060151,0.136532,0.183641,0.136657
emotion,情绪类因子,9d8524bf2001789406c91f079f97b7af,WVAD,威廉变异离散量, (收盘价－开盘价)/(最高价－最低价)×成交量，再做加和，使用过去6个交易日的数据,0.421866,0.129421,0.017635,0.316328,0.379697,0.312273,0.392827,0.121391,0.010400,0.300208,0.351582,0.303086,-0.043438,-0.015239,0.177930,-0.458457,0.307679,0.109848,-0.015787,-0.147000,0.844660,0,0.002478,0.000856,0.207030,-0.324875,0.307679
emotion,情绪类因子,66e67a3511b3e70d223b2bfa2b1a1461,MAWVAD,因子WVAD的6日均值,,0.465254,0.141221,0.028267,0.269781,0.435671,0.157890,0.238278,0.076700,-0.029867,0.333808,0.162144,0.156596,-0.173977,-0.063954,0.255935,-0.908431,0.157243,0.109848,-0.013414,-0.131119,0.839112,0,0.165639,0.054427,0.169576,0.126078,0.157243
emotion,情绪类因子,c97ebec80c562158a0eb06aac4acfab9,VSTD10,10日成交量标准差, 10日成交量去标准差,0.695682,0.200337,0.081532,0.234400,0.768248,0.082665,0.387465,0.119896,0.009053,0.312613,0.335022,0.072112,-0.175399,-0.064511,0.202533,-1.170188,0.077388,0.109848,-0.020527,-0.276299,0.761442,0,0.185035,0.060461,0.149132,0.229102,0.077388
emotion,情绪类因子,6a7ca99b9991bd16d587ba56fedec4b7,ATR14,14日均幅指标, 真实振幅的14日移动平均,0.396531,0.122421,0.011328,0.248506,0.395620,0.024927,0.317265,0.099970,-0.008901,0.335290,0.237209,0.028981,-0.042271,-0.014823,0.161201,-0.555799,0.026954,0.109848,-0.013565,-0.148336,0.839112,0,0.015202,0.005231,0.178101,-0.352492,0.026954
emotion,情绪类因子,e2915d09b4924e24093dd47748377667,VOL10,10日平均换手率," 10日换手率的均值,单位为%",0.381409,0.118203,0.007528,0.228593,0.413195,0.046044,0.298602,0.094556,-0.013779,0.399652,0.186256,0.051961,-0.028866,-0.010077,0.301948,-0.303407,0.049003,0.109848,-0.038267,-0.256270,0.893204,0,-0.048201,-0.016937,0.334023,-0.344970,0.049003
emotion,情绪类因子,627724048a66aae745c94ca26985f821,DAVOL10,10日平均换手率与120日平均换手率之比, 10日平均换手率 / 120日平均换手率,0.623188,0.182338,0.065315,0.276074,0.630571,0.083516,0.023442,0.008045,-0.091728,0.421614,-0.129476,0.086934,-0.372019,-0.148600,0.387258,-1.684995,0.085225,0.109848,-0.027508,-0.290184,0.816921,0,0.535388,0.159820,0.115582,1.070503,0.085225
emotion,情绪类因子,3f951aa0a1b18619cc0dd3d1a4207470,VDEA,计算VMACD因子的中间变量, EMA(VDIFF，M)    short设置为12，long设置为26，M设置为9,0.588482,0.173535,0.057383,0.291424,0.576844,0.069582,0.180146,0.058947,-0.045864,0.382227,0.081244,0.081817,-0.267627,-0.102102,0.316553,-1.386398,0.075699,0.109848,-0.020051,-0.219228,0.808599,0,0.324455,0.102042,0.101954,0.605303,0.075699
emotion,情绪类因子,3c1646fbe50ca450fdea8be789229d6a,VSTD20,20日成交量标准差, 20日成交量去标准差,0.606276,0.178064,0.061464,0.220690,0.663879,0.044804,0.424935,0.130263,0.018394,0.268360,0.378203,0.037884,-0.105108,-0.037672,0.134969,-0.879406,0.041344,0.109848,-0.018726,-0.249355,0.805825,0,0.092543,0.031077,0.123551,-0.101022,0.041344
emotion,情绪类因子,5adbd3f28a69e6caedfc3b73b531fec2,ATR6,6日均幅指标, 真实振幅的6日移动平均,0.345197,0.107980,-0.001684,0.250601,0.326502,0.042806,0.359623,0.112074,0.002005,0.337550,0.285318,0.057875,0.026152,0.008966,0.142626,-0.314792,0.050340,0.109848,-0.016416,-0.181509,0.850208,0,-0.052462,-0.018461,0.191286,-0.593006,0.050340
emotion,情绪类因子,44b9394199f41e810715442983250582,VOL20,20日平均换手率," 20日换手率的均值,单位为%",0.443085,0.135220,0.022861,0.226895,0.502435,0.029926,0.343104,0.107383,-0.002221,0.397389,0.227941,0.032694,-0.037260,-0.013044,0.278888,-0.317874,0.031310,0.109848,-0.034654,-0.227890,0.895978,0,-0.041577,-0.014577,0.306806,-0.327058,0.031310
emotion,情绪类因子,bec401b73ce2a5cd83abbf36d5f6614d,DAVOL20,20日平均换手率与120日平均换手率之比, 20日平均换手率 / 120日平均换手率,0.745828,0.212494,0.092486,0.245503,0.761120,0.054179,0.214225,0.069422,-0.036425,0.355975,0.118451,0.056287,-0.306558,-0.118902,0.339179,-1.436211,0.055233,0.109848,-0.023182,-0.244790,0.834951,0,0.391751,0.121091,0.114820,0.732930,0.055233
emotion,情绪类因子,a8d64ba6a6334571de972fc21091ff47,VMACD,成交量指数平滑异同移动平均线," 快的指数移动平均线（EMA12）减去慢的指数移动平均线（EMA26）得到快线DIFF, 由DIFF的M日移动平均得到DEA，由DIFF-DEA的值得到MACD",0.404095,0.124520,0.013219,0.278502,0.360944,0.199906,0.394960,0.121984,0.010935,0.345234,0.352002,0.248426,-0.023304,-0.008120,0.167236,-0.455356,0.224166,0.109848,-0.012906,-0.146544,0.807212,0,-0.008638,-0.002995,0.159394,-0.406859,0.224166
emotion,情绪类因子,947a7e25e9df9fa2eb727c159a975958,AR,人气指标, AR=N日内（当日最高价—当日开市价）之和 / N日内（当日开市价—当日最低价）之和 * 100，n设定为26,0.393029,0.121447,0.010451,0.278685,0.373982,0.153157,0.175733,0.057576,-0.047099,0.360141,0.073573,0.150312,-0.164719,-0.060339,0.257490,-0.779923,0.151734,0.109848,-0.026972,-0.238581,0.865465,0,0.141269,0.046752,0.186920,0.052481,0.151734
emotion,情绪类因子,566af188954424f8b8847361d22fcc02,VOL60,60日平均换手率," 60日换手率的均值,单位为%",0.315320,0.099408,-0.009407,0.232085,0.310917,0.016215,0.465748,0.141354,0.028387,0.406228,0.339708,0.016851,0.153243,0.050536,0.265575,0.062340,0.016533,0.109848,-0.028893,-0.182016,0.904300,0,-0.201599,-0.074898,0.397641,-0.679799,0.016533
emotion,情绪类因子,862dbf2a78de4a6faed882f4c6e08a57,turnover_volatility,换手率相对波动率, 取20个交易日个股换手率的标准差,0.457550,0.139142,0.026394,0.233762,0.515141,0.062274,0.191033,0.062314,-0.042829,0.372915,0.078363,0.056922,-0.157952,-0.057714,0.269992,-0.645591,0.059598,0.109848,-0.037306,-0.271736,0.898752,0,0.111503,0.037230,0.228456,-0.018301,0.059598
emotion,情绪类因子,adc7a84eb85c55c09a93e95d0e3ce67f,VOL120,120日平均换手率," 120日换手率的均值,单位为%",0.309219,0.097642,-0.010998,0.234554,0.303558,0.011592,0.515473,0.154597,0.040319,0.379272,0.393088,0.012539,0.193307,0.063015,0.230068,0.138231,0.012065,0.109848,-0.026213,-0.164886,0.901526,0,-0.226531,-0.084991,0.380614,-0.750700,0.012065
emotion,情绪类因子,322409a808abe56e22fb137bffa19ed7,VROC6,6日量变动速率指标, 成交量减N日前的成交量，再除以N日前的成交量，放大100倍，得到VROC值 ，n=6,0.475637,0.144010,0.030781,0.270022,0.470661,0.586645,0.189336,0.061791,-0.043301,0.363020,0.092985,0.546715,-0.200762,-0.074562,0.248039,-1.065224,0.566680,0.109848,-0.018717,-0.210000,0.826630,0,0.210006,0.068135,0.123840,0.261610,0.566680
emotion,情绪类因子,0b369437e5868781423c4a6eb97fa842,TVSTD20,20日成交金额的标准差, 20日成交额的标准差,0.467647,0.141865,0.028848,0.236626,0.538674,0.059252,0.345167,0.107971,-0.001692,0.333494,0.257245,0.057664,-0.061698,-0.021780,0.221136,-0.464290,0.058458,0.109848,-0.033859,-0.249458,0.864078,0,0.012619,0.004345,0.236183,-0.267953,0.058458
emotion,情绪类因子,c7cc97e4b4ab1d9109f643c89b1a5a4d,ARBR,ARBR, 因子 AR 与因子 BR 的差,0.710773,0.204020,0.084851,0.268045,0.691905,0.125396,0.134923,0.044735,-0.058668,0.308521,0.020710,0.123816,-0.348515,-0.137714,0.352335,-1.922392,0.124606,0.109848,-0.009900,-0.139335,0.797503,0,0.497172,0.149756,0.083152,1.187271,0.124606
emotion,情绪类因子,1e3173a1c873f593b7749555409954a4,money_flow_20,20日资金流量, 用收盘价、最高价及最低价的均值乘以当日成交量即可得到该交易日的资金流量,0.350280,0.109426,-0.000381,0.227350,0.368522,0.027948,0.370046,0.115014,0.004655,0.351205,0.281525,0.034629,0.038031,0.012990,0.207970,-0.191990,0.031289,0.109848,-0.029840,-0.203384,0.879334,0,-0.090171,-0.032148,0.288647,-0.512837,0.031289
emotion,情绪类因子,1f7b1b4d44055663635ac42982d15d98,VEMA5,成交量的5日指数移动平均,,0.589838,0.173881,0.057695,0.234963,0.648858,0.054385,0.348394,0.108890,-0.000864,0.303479,0.285256,0.057334,-0.143243,-0.052055,0.199737,-0.978412,0.055859,0.109848,-0.018226,-0.247213,0.787795,0,0.137698,0.045618,0.109793,0.059712,0.055859
emotion,情绪类因子,28cd0cdc8c76c4e47dbc27877971a932,VOL240,240日平均换手率," 240日换手率的均值,单位为%",0.330829,0.103873,-0.005384,0.237814,0.338162,0.009713,0.457418,0.139106,0.026362,0.379723,0.340859,0.010071,0.129350,0.042959,0.227732,0.017890,0.009892,0.109848,-0.023913,-0.151468,0.918169,0,-0.181837,-0.067043,0.326056,-0.647212,0.009892
emotion,情绪类因子,785d87c4eac45bc2176cca860ed477f0,VEMA26,成交量的26日指数移动平均,,0.558549,0.165840,0.050450,0.235425,0.610282,0.018706,0.335531,0.105220,-0.004170,0.291160,0.268580,0.017074,-0.132967,-0.048138,0.182619,-0.956383,0.017890,0.109848,-0.013158,-0.177606,0.787795,0,0.125385,0.041691,0.112354,0.018351,0.017890
emotion,情绪类因子,366b4462e85eb7c192ed15a6468c1468,VOSC,成交量震荡, 'VEMA12'和'VEMA26'两者的差值，再求差值与'VEMA12'的比，最后将比值放大100倍，得到VOSC值,0.434505,0.132882,0.020754,0.294917,0.407844,0.143243,0.073765,0.024915,-0.076527,0.381847,-0.063287,0.154484,-0.261054,-0.099324,0.303059,-1.197681,0.148864,0.109848,-0.028787,-0.282967,0.839112,0,0.301259,0.095330,0.122532,0.475635,0.148864
emotion,情绪类因子,6cf63efceac686a67f21f195e060fb18,TVSTD6,6日成交金额的标准差, 6日成交额的标准差,0.428731,0.131303,0.019331,0.239589,0.477689,0.169998,0.290703,0.092249,-0.015858,0.349703,0.203606,0.160888,-0.078537,-0.027886,0.220557,-0.546852,0.165443,0.109848,-0.037827,-0.312421,0.877947,0,0.037978,0.012972,0.218893,-0.217720,0.165443
growth,成长类因子,ee8aafb01fdaee5f9a5f292a0c60e485,operating_revenue_growth_rate,营业收入增长率, 营业收入增长率=（今年营业收入（TTM）/去年营业收入（TTM））-1,0.229192,0.073962,-0.032335,0.323488,0.142725,0.013844,0.529407,0.158256,0.043617,0.303558,0.496445,0.013203,0.232592,0.074988,0.106728,0.433615,0.013524,0.109848,0.003504,0.047449,0.791956,0,-0.203867,-0.075807,0.244768,-1.435224,0.013524
growth,成长类因子,887cfdc404c931e329d3baeb5b0b5321,total_asset_growth_rate,总资产增长率, 总资产 / 总资产_4 -1,0.236639,0.076207,-0.030311,0.304687,0.159306,0.014437,0.532354,0.159027,0.044311,0.341755,0.481859,0.012038,0.237847,0.076571,0.155382,0.367945,0.013237,0.109848,-0.002355,-0.027270,0.830791,0,-0.214926,-0.080267,0.294071,-1.210026,0.013237
growth,成长类因子,33cbbc2300367a51aefe67a6bc5eef16,net_operate_cashflow_growth_rate,经营活动产生的现金流量净额增长率, =(今年经营活动产生的现金流量净额（TTM）/去年经营活动产生的现金流量净额（TTM）)-1,0.393647,0.121619,0.010606,0.328837,0.331239,0.013167,0.512673,0.153858,0.039654,0.306520,0.477551,0.015217,0.072499,0.024497,0.077031,-0.232958,0.014192,0.109848,0.004231,0.078837,0.736477,0,-0.079456,-0.028221,0.156800,-1.025149,0.014192
growth,成长类因子,043fd9816d73e58caf87eda9828bb3b4,total_profit_growth_rate,利润总额增长率, 利润总额增长率=(今年利润总额（TTM）/去年利润总额（TTM）)-1,0.394554,0.121871,0.010833,0.327107,0.325108,0.012500,0.310083,0.097892,-0.010773,0.309632,0.247906,0.015365,-0.081232,-0.028870,0.161121,-0.846408,0.013933,0.109848,0.005607,0.078933,0.782247,0,0.067792,0.022940,0.135787,-0.209666,0.013933
growth,成长类因子,e8f43f2b20ea7f744ed7bd807605241f,np_parent_company_owners_growth_rate,归属母公司股东的净利润增长率, (今年归属于母公司所有者的净利润（TTM）/去年归属于母公司所有者的净利润（TTM）)-1,0.385454,0.119335,0.008547,0.344586,0.316754,0.012439,0.330070,0.103655,-0.005580,0.294789,0.273285,0.014832,-0.060293,-0.021274,0.150068,-0.766504,0.013636,0.109848,0.005984,0.081207,0.793343,0,0.044697,0.015235,0.126574,-0.309799,0.013636
growth,成长类因子,170cd7ec6dc6a7aec31129935f0ef997,financing_cash_growth_rate,筹资活动产生的现金流量净额增长率, 过去12个月的筹资现金流量净额 / 4季度前的12个月的筹资现金流量净额 - 1,0.412965,0.126971,0.015428,0.307437,0.385012,0.012831,0.340987,0.106779,-0.002765,0.315665,0.300632,0.014903,-0.057736,-0.020354,0.119256,-1.063503,0.013867,0.109848,0.001192,0.025079,0.650485,0,0.051444,0.017497,0.080561,-0.396524,0.013867
growth,成长类因子,a758306b50454190c5e69b8ce8d70acb,net_profit_growth_rate,净利润增长率, 净利润增长率=(今年净利润（TTM）/去年净利润（TTM）)-1,0.387534,0.119915,0.009071,0.343530,0.319843,0.012295,0.333022,0.104502,-0.004817,0.299802,0.276316,0.015747,-0.058829,-0.020747,0.150511,-0.762738,0.014021,0.109848,0.004984,0.067866,0.794730,0,0.043215,0.014737,0.113478,-0.317207,0.014021
growth,成长类因子,4f7c85a7cbcff79af484b89e3daddc0f,net_asset_growth_rate,净资产增长率, （当季的股东权益/三季度前的股东权益）-1,0.294154,0.093258,-0.014948,0.289228,0.236846,0.015090,0.526878,0.157594,0.043020,0.305634,0.499848,0.012655,0.171756,0.056337,0.134670,0.168732,0.013872,0.109848,-0.001736,-0.018691,0.819695,0,-0.169412,-0.062168,0.238834,-1.055189,0.013872
growth,成长类因子,1378e8519df7b93a81340fab08133b20,PEG,PEG,PEG = PE / (归母公司净利润(TTM)增长率 * 100)  # 如果 PE 或 增长率为负，则为 nan,0.456096,0.138749,0.026040,0.283818,0.434417,0.029384,0.415299,0.127614,0.016007,0.261626,0.384684,0.030403,-0.041235,-0.014455,0.193995,-0.557048,0.029893,0.109848,-0.000674,-0.008179,0.798890,0,0.014613,0.005029,0.135045,-0.357735,0.029893
risk,风险类因子,cf39be8e48eac0265bc180e2b91b6422,Variance120,120日收益方差, 取121个交易日的收盘价，算出日收益率，再取方差,0.338546,0.106082,-0.003393,0.207924,0.365044,0.022963,0.305278,0.096498,-0.012029,0.393946,0.191371,0.026018,0.008009,0.002762,0.309559,-0.211384,0.024491,0.109848,-0.036779,-0.201799,0.926491,0,-0.093024,-0.033198,0.346650,-0.415518,0.024491
risk,风险类因子,2482e2268ea92047c6083e7ce7aa9344,Skewness20,个股收益的20日偏度, 取21个交易日的收盘价数据，计算日收益率，再计算其偏度,0.420541,0.129056,0.017307,0.239248,0.428194,0.159133,0.405035,0.124780,0.013453,0.299764,0.359697,0.144089,-0.007292,-0.002527,0.169531,-0.437964,0.151611,0.109848,-0.015409,-0.203136,0.782247,0,-0.019733,-0.006868,0.206920,-0.482666,0.151611
risk,风险类因子,9f731017a2c8229f326829f42a0deed9,Kurtosis20,个股收益的20日峰度, 取21个交易日的收盘价数据，计算日收益率，再计算其峰度值,0.439095,0.134134,0.021882,0.271208,0.430527,0.191111,0.344832,0.107876,-0.001778,0.288933,0.296136,0.155339,-0.068916,-0.024389,0.136888,-0.767026,0.173225,0.109848,-0.004575,-0.073700,0.730929,0,0.052362,0.017804,0.125177,-0.264405,0.173225
risk,风险类因子,3df5f4a696fc41a0616e6e85e156a8e9,sharpe_ratio_20,20日夏普比率, （Rp - Rf） / Sigma p 其中，Rp是个股的年化收益率，Rf是无风险利率（在这里设置为0.04），Sigma p是个股的收益波动率（标准差）,0.412192,0.126757,0.015235,0.308443,0.391163,0.190573,0.425406,0.130392,0.018510,0.264660,0.382738,0.187899,-0.006816,-0.002362,0.136940,-0.319429,0.189236,0.109848,-0.025102,-0.200294,0.875173,0,-0.043015,-0.015088,0.180524,-0.415386,0.189236
risk,风险类因子,2df139eda1bd2bed2b904df61ac56f98,Kurtosis120,个股收益的120日峰度, 取121个交易日的收盘价数据，计算日收益率，再计算其峰度值,0.436025,0.133297,0.021128,0.267634,0.428760,0.045824,0.473279,0.143378,0.030211,0.279200,0.438477,0.034799,0.025464,0.008733,0.093237,-0.343642,0.040312,0.109848,0.002321,0.032509,0.730929,0,-0.047883,-0.016824,0.164327,-0.624514,0.040312
risk,风险类因子,76b83a66d9dd474a821155c0188a1191,sharpe_ratio_60,60日夏普比率, （Rp - Rf） / Sigma p 其中，Rp是个股的年化收益率，Rf是无风险利率（在这里设置为0.04），Sigma p是个股的收益波动率（标准差）,0.447708,0.136477,0.023993,0.281465,0.438640,0.115635,0.348246,0.108847,-0.000902,0.303989,0.284053,0.116233,-0.082998,-0.029516,0.243040,-0.478992,0.115934,0.109848,-0.016956,-0.123404,0.873786,0,0.026134,0.008960,0.239004,-0.213873,0.115934
risk,风险类因子,3a3f3ac790d281da6a9c75a072d42699,Skewness60,个股收益的60日偏度, 取61个交易日的收盘价数据，计算日收益率，再计算其偏度,0.423789,0.129948,0.018111,0.209097,0.453642,0.072213,0.361377,0.112570,0.002452,0.316129,0.300039,0.063184,-0.032987,-0.011532,0.213723,-0.488996,0.067699,0.109848,-0.019562,-0.229423,0.807212,0,0.001447,0.000500,0.229511,-0.374824,0.067699
risk,风险类因子,bfed1d886982cff6aa23b4edafa24cc0,Skewness120,个股收益的120日偏度, 取121个交易日的收盘价数据，计算日收益率，再计算其偏度,0.381032,0.118098,0.007433,0.226198,0.397163,0.044584,0.367392,0.114267,0.003981,0.301612,0.298029,0.039992,0.006047,0.002087,0.167862,-0.344886,0.042288,0.109848,-0.019010,-0.215313,0.811373,0,-0.040129,-0.014062,0.215841,-0.491788,0.042288
risk,风险类因子,8faa772ef882880332a1ac2737d53fcd,sharpe_ratio_120,120日夏普比率, （Rp - Rf） / Sigma p 其中，Rp是个股的年化收益率，Rf是无风险利率（在这里设置为0.04），Sigma p是个股的收益波动率（标准差）,0.253261,0.081187,-0.025824,0.305719,0.188776,0.088492,0.538884,0.160733,0.045848,0.254787,0.509384,0.093003,0.207952,0.067508,0.179553,0.194559,0.090748,0.109848,-0.008032,-0.058205,0.880721,0,-0.218650,-0.081778,0.293998,-0.861302,0.090748
risk,风险类因子,5d6beae141f0976a49f8689e19900c95,Variance20,20日收益方差, 取21个交易日的收盘价，算出日收益率，再取方差,0.510837,0.153374,0.039218,0.202620,0.614595,0.087235,0.285735,0.090794,-0.017169,0.376954,0.179642,0.082244,-0.122327,-0.044115,0.295745,-0.543435,0.084740,0.109848,-0.042523,-0.280581,0.904300,0,0.063143,0.021398,0.243689,-0.120182,0.084740
risk,风险类因子,cda8d2df84c22dbcc447dc157b110fd3,Variance60,60日收益方差, 取61个交易日的收盘价，算出日收益率，再取方差,0.422994,0.129730,0.017914,0.207488,0.495250,0.036444,0.288125,0.091494,-0.016538,0.436330,0.174435,0.037145,-0.063132,-0.022297,0.368655,-0.359620,0.036794,0.109848,-0.040053,-0.229525,0.919556,0,-0.021260,-0.007403,0.369239,-0.273642,0.036794
risk,风险类因子,93b9acc70af776876dc186e966dd3842,Kurtosis60,个股收益的60日峰度, 取61个交易日的收盘价数据，计算日收益率，再计算其峰度值,0.465953,0.141409,0.028437,0.253663,0.467388,0.078949,0.409231,0.125940,0.014499,0.283349,0.368206,0.059978,-0.040016,-0.014022,0.126784,-0.602351,0.069464,0.109848,-0.003202,-0.046695,0.751734,0,0.017748,0.006102,0.193051,-0.377970,0.069464
technical,技术指标因子,ccf034733cb9fb80b0ee0819119f08af,MAC5,5日移动均线, 5日移动均线 / 今日收盘价,0.491121,0.148147,0.034508,0.333167,0.435334,0.435002,0.200091,0.065101,-0.040318,0.362625,0.101549,0.427515,-0.224212,-0.084043,0.337558,-0.779690,0.431259,0.109848,0.022303,0.159745,0.894591,0,0.197974,0.064451,0.150042,0.153691,0.431259
technical,技术指标因子,c0ae5745ae88114d13b14404ea4b2cdd,boll_up,上轨线（布林线）指标," (MA(CLOSE,M)+2*STD(CLOSE,M)) / 今日收盘价; M=20",0.714349,0.204889,0.085634,0.299915,0.719469,0.254458,0.235470,0.075855,-0.030629,0.347429,0.138014,0.164077,-0.289276,-0.111370,0.435318,-0.959830,0.209268,0.109848,0.003935,0.026010,0.894591,0,0.309265,0.097655,0.187088,0.365589,0.209268
technical,技术指标因子,8f78dee5981577bb6e679ba45c85edd1,EMAC26,26日指数移动均线, 26日指数移动均线 / 今日收盘价,0.262112,0.083821,-0.023451,0.360124,0.176389,0.213003,0.439293,0.134188,0.021931,0.324731,0.388994,0.199728,0.091627,0.030778,0.248439,-0.055541,0.206365,0.109848,0.027427,0.179761,0.879334,0,-0.154094,-0.056223,0.246788,-0.579542,0.206365
technical,技术指标因子,2d59c9fd32236d307d0eba79effd6695,MFI14,资金流量指标, ①求得典型价格（当日最高价，最低价和收盘价的均值）②根据典型价格高低判定正负向资金流（资金流=典型价格*成交量）③计算MR= 正向/负向 ④MFI=100-100/（1+MR）,0.534505,0.159590,0.044818,0.258383,0.536192,0.202906,0.328421,0.103182,-0.006007,0.313116,0.287485,0.200290,-0.154565,-0.056405,0.231047,-0.788194,0.201598,0.109848,-0.020189,-0.181581,0.869626,0,0.132767,0.044049,0.169608,0.033104,0.201598
technical,技术指标因子,71bf4ca2fb7b2c75dbbba48c451b5371,EMAC120,120日指数移动均线, 120日指数移动均线 / 今日收盘价,0.341239,0.106851,-0.002700,0.329204,0.267636,0.117695,0.453383,0.138015,0.025379,0.354508,0.405630,0.101729,0.037212,0.012714,0.194975,-0.167902,0.109712,0.109848,0.014003,0.086208,0.902913,0,-0.106710,-0.038268,0.249304,-0.481609,0.109712
technical,技术指标因子,c3a079f7f6e68ba360f16efa6cb33823,MAC60,60日移动均线, 60日移动均线 / 今日收盘价,0.268830,0.085813,-0.021657,0.332181,0.181218,0.130599,0.468081,0.141981,0.028953,0.327862,0.422194,0.118950,0.101802,0.034091,0.228726,-0.034970,0.124775,0.109848,0.021598,0.138104,0.901526,0,-0.164292,-0.060173,0.299064,-0.592809,0.124775
technical,技术指标因子,246f87f94d2d1752dfcc1b172920d3a4,MAC120,120日移动均线, 120日移动均线 / 今日收盘价,0.404188,0.124545,0.013242,0.312144,0.331200,0.101080,0.400566,0.123541,0.012338,0.347575,0.349747,0.086886,-0.052458,-0.018460,0.247211,-0.352341,0.093983,0.109848,0.013896,0.087133,0.915395,0,-0.025325,-0.008831,0.234339,-0.294306,0.093983
technical,技术指标因子,2c2cc5a69b63febfed8b8e9ae408cc0c,boll_down,下轨线（布林线）指标," (MA(CLOSE,M)-2*STD(CLOSE,M)) / 今日收盘价; M=20",0.336170,0.105403,-0.004005,0.357627,0.261594,0.166936,0.434864,0.132980,0.020842,0.276982,0.432606,0.240865,0.020833,0.007155,0.203896,-0.238036,0.203900,0.109848,0.036973,0.313129,0.858530,0,-0.072838,-0.025811,0.204340,-0.476954,0.203900
technical,技术指标因子,c7bc75937ec85a1022fce8284d2f838b,EMAC12,12日指数移动均线, 12日指数移动均线 / 今日收盘价,0.356960,0.111320,0.001326,0.345741,0.288884,0.296922,0.400674,0.123571,0.012365,0.325576,0.342750,0.286418,-0.007977,-0.002765,0.242793,-0.262872,0.291670,0.109848,0.027249,0.181882,0.891817,0,-0.066183,-0.023399,0.209186,-0.389705,0.291670
technical,技术指标因子,a7206d216b7a54c7148ec5ce76eb0075,EMA5,5日指数移动均线, 5日指数移动均线 / 今日收盘价,0.524220,0.156896,0.042391,0.325684,0.472102,0.434361,0.227245,0.073373,-0.032865,0.372014,0.135130,0.424617,-0.224658,-0.084225,0.352994,-0.766582,0.429489,0.109848,0.024420,0.169749,0.893204,0,0.195374,0.063652,0.172299,0.145952,0.429489
technical,技术指标因子,0804107288a63dcf8e24ff2c125611fd,EMAC20,20日指数移动均线, 20日指数移动均线 / 今日收盘价,0.315121,0.099350,-0.009459,0.348399,0.240767,0.236966,0.453023,0.137918,0.025291,0.319041,0.404731,0.225141,0.060867,0.020641,0.243626,-0.119315,0.231053,0.109848,0.027952,0.184456,0.875173,0,-0.126427,-0.045662,0.234158,-0.527962,0.231053
technical,技术指标因子,039f14fdd4938924f6aec09d72e2aaf3,MAC20,20日移动均线, 20日移动均线 / 今日收盘价,0.352447,0.110041,0.000173,0.331590,0.284769,0.210519,0.455543,0.138600,0.025906,0.310161,0.406692,0.201033,0.035275,0.012059,0.258289,-0.174865,0.205776,0.109848,0.026514,0.179856,0.901526,0,-0.102768,-0.036802,0.237766,-0.480660,0.205776
technical,技术指标因子,c5fe1ca5bb7bc76027e049f9edd9d2e7,MACDC,平滑异同移动平均线," MACD(SHORT=12, LONG=26, MID=9) / 今日收盘价",0.269331,0.085961,-0.021523,0.310248,0.187349,0.130672,0.366743,0.114084,0.003816,0.343262,0.304752,0.139428,0.042200,0.014395,0.181888,-0.175513,0.135050,0.109848,-0.019113,-0.143174,0.894591,0,-0.097713,-0.034929,0.297158,-0.513615,0.135050
technical,技术指标因子,97b8efeff81b466c69a140803ef01b67,EMAC10,10日指数移动均线, 10日指数移动均线 / 今日收盘价,0.426754,0.130762,0.018843,0.337433,0.366447,0.320446,0.340210,0.106557,-0.002965,0.333596,0.272240,0.310738,-0.097282,-0.034770,0.292309,-0.460110,0.315592,0.109848,0.026639,0.178781,0.900139,0,0.026366,0.009039,0.208387,-0.190521,0.315592
technical,技术指标因子,16d204dddef7fa28bee17f2786aaef53,MAC10,10日移动均线, 10日移动均线 / 今日收盘价,0.538305,0.160582,0.045712,0.319704,0.489059,0.298826,0.306138,0.096748,-0.011804,0.319191,0.231069,0.290333,-0.182280,-0.067218,0.330176,-0.666142,0.294580,0.109848,0.024035,0.163765,0.893204,0,0.134664,0.044653,0.171637,0.028910,0.294580
technical,技术指标因子,f2863ebab10462c7480bc92939f860af,price_no_fq,不复权价格因子, 不复权价格,0.360101,0.112209,0.002127,0.237785,0.363588,0.009276,0.307662,0.097190,-0.011405,0.398134,0.204784,0.013750,-0.043253,-0.015173,0.339642,-0.271169,0.011513,0.109848,-0.032351,-0.149316,0.929265,0,-0.072611,-0.025729,0.344612,-0.323050,0.011513
momentum,动量类因子,a8c6b88c0a6f3ef0094f769e8945614d,BIAS5,5日乖离率, （收盘价-收盘价的N日简单平均）/ 收盘价的N日简单平均*100，在此n取5,0.193402,0.063044,-0.042172,0.361625,0.093313,0.427115,0.475919,0.144086,0.030849,0.331987,0.418905,0.435168,0.192510,0.062770,0.149581,0.142919,0.431142,0.109848,-0.022335,-0.159887,0.893204,0,-0.220816,-0.082658,0.339824,-0.769894,0.431142
momentum,动量类因子,d2e3eea6e70c1b6c253f7843236808ad,Price1Y,当前股价除以过去一年股价均值再减1, 当日收盘价 / mean(过去一年(250天)的收盘价) -1,0.312744,0.098663,-0.010078,0.357914,0.245359,0.070158,0.546712,0.162771,0.047685,0.264871,0.508560,0.082362,0.141542,0.046838,0.209465,0.044818,0.076260,0.109848,-0.003349,-0.020849,0.902913,0,-0.180996,-0.066712,0.268114,-0.699367,0.076260
momentum,动量类因子,6827a6bb8660a59a5239bae26471d043,Price3M,当前股价除以过去三个月股价均值再减1, 当日收盘价 / mean(过去三个月(61天)的收盘价) -1,0.460949,0.140060,0.027222,0.323632,0.417463,0.118511,0.241675,0.077721,-0.028948,0.325325,0.149510,0.131236,-0.177042,-0.065156,0.303603,-0.625175,0.124873,0.109848,-0.021482,-0.137055,0.902913,0,0.119712,0.039872,0.206575,-0.000758,0.124873
momentum,动量类因子,cf6853a4ad73f1fa0b542a5faf1c8eb1,Price1M,当前股价除以过去一个月股价均值再减1, 当日收盘价 / mean(过去一个月(21天)的收盘价) -1,0.492399,0.148487,0.034815,0.305843,0.448875,0.195854,0.356662,0.111236,0.001250,0.327367,0.291584,0.207297,-0.122591,-0.044215,0.246719,-0.528683,0.201575,0.109848,-0.027013,-0.182721,0.895978,0,0.059140,0.020066,0.254827,-0.125141,0.201575
momentum,动量类因子,a71b4838f1b8d5d95b063662f2b5f48e,PLRC12,12日收盘价格与日期线性回归系数, 计算 12 日收盘价格，与日期序号（1-12）的线性回归系数，(close / mean(close)) = beta * t + alpha,0.395994,0.122272,0.011194,0.308136,0.341151,0.150907,0.281891,0.089665,-0.018186,0.368743,0.204024,0.141717,-0.109052,-0.039141,0.242097,-0.535170,0.146312,0.109848,-0.019407,-0.140394,0.897365,0,0.053677,0.018244,0.206340,-0.147121,0.146312
momentum,动量类因子,2d74eba3ed2abf51252d7b48eaceb21e,BBIC,BBI 动量," BBI(3, 6, 12, 24) / 收盘价 （BBI 为常用技术指标类因子“多空均线”）",0.347409,0.108609,-0.001117,0.335075,0.277203,0.316399,0.358315,0.111704,0.001672,0.328473,0.294749,0.303166,-0.032096,-0.011217,0.262500,-0.314298,0.309783,0.109848,0.027495,0.183786,0.889043,0,-0.043158,-0.015139,0.206218,-0.338368,0.309783
momentum,动量类因子,d0ade03afae1e1f93641f3b0fb902ea9,ROC12,12日变动速率（Price Rate of Change）, ①AX=今天的收盘价—12天前的收盘价 ②BX=12天前的收盘价 ③ROC=AX/BX*100,0.499044,0.150253,0.036406,0.294259,0.453121,0.232208,0.360308,0.112268,0.002180,0.374632,0.294796,0.215805,-0.122987,-0.044364,0.286846,-0.543131,0.224006,0.109848,-0.024239,-0.171862,0.887656,0,0.063449,0.021500,0.257779,-0.119105,0.224006
momentum,动量类因子,7ec4a7dc2f0731a1038a1da8b12eafac,ROC120,120日变动速率（Price Rate of Change）, ①AX=今天的收盘价—20天前的收盘价 ②BX=60天前的收盘价 ③ROC=AX/BX*100,0.339637,0.106394,-0.003112,0.327245,0.281643,0.086553,0.692169,0.199476,0.080757,0.267614,0.642514,0.086461,0.232920,0.075087,0.182824,0.232317,0.086507,0.109848,-0.003939,-0.025609,0.890430,0,-0.240696,-0.090820,0.306070,-0.866180,0.086507
momentum,动量类因子,85988bd63343a019599b1a680482a0d6,BIAS60,60日乖离率, （收盘价-收盘价的N日简单平均）/ 收盘价的N日简单平均*100，在此n取60,0.447116,0.136316,0.023848,0.322671,0.401012,0.119313,0.228063,0.073621,-0.032642,0.321823,0.133578,0.132602,-0.178756,-0.065830,0.298383,-0.631075,0.125957,0.109848,-0.021595,-0.137904,0.902913,0,0.122598,0.040798,0.204400,0.004761,0.125957
momentum,动量类因子,4b729a053a98cfe21aa74f0d7302cab8,ROC20,20日变动速率（Price Rate of Change）, ①AX=今天的收盘价—20天前的收盘价 ②BX=20天前的收盘价 ③ROC=AX/BX*100,0.481776,0.145654,0.032262,0.323479,0.440634,0.183338,0.329133,0.103386,-0.005822,0.318729,0.255094,0.168614,-0.129443,-0.046802,0.229326,-0.553703,0.175976,0.109848,-0.024299,-0.169666,0.875173,0,0.069944,0.023652,0.196721,-0.104280,0.175976
momentum,动量类因子,3ea32167b47b2209b947c0497defd372,arron_down_25,Aroon指标下轨, Aroon(下降)=[(计算期天数-最低价后的天数)/计算期天数]*100,0.285698,0.090783,-0.017179,0.258357,0.223505,0.221163,0.337849,0.105883,-0.003573,0.279287,0.300522,0.227987,0.020190,0.006936,0.232487,-0.326111,0.224575,0.109848,0.009077,0.090998,0.847434,0,-0.048468,-0.017032,0.152236,-0.562507,0.224575
momentum,动量类因子,288c6f360ba0d57f65914341fbcba361,single_day_VPT_12,单日价量趋势12均值," MA(single_day_VPT, 12)",0.447053,0.136299,0.023832,0.259815,0.412007,0.214643,0.369589,0.114886,0.004539,0.394282,0.312943,0.180572,-0.069000,-0.024419,0.291813,-0.545081,0.197607,0.109848,-0.025968,-0.244717,0.858530,0,0.031640,0.010829,0.275323,-0.246828,0.197607
momentum,动量类因子,3fe88284280e8590afc8ca89168948dc,Volume1M,当前交易量相比过去1个月日均交易量 与过去过去20日日均收益率乘积, 当日交易量 / 过去20日交易量MEAN * 过去20日收益率MEAN,0.527663,0.157799,0.043205,0.329090,0.506155,0.243608,0.158382,0.052153,-0.051985,0.350537,0.047868,0.231712,-0.257733,-0.097926,0.316732,-0.878584,0.237660,0.109848,-0.027024,-0.195077,0.877947,0,0.254515,0.081561,0.170444,0.264743,0.237660
momentum,动量类因子,f8f9d92b2eb289b4f372be8af6977cc4,CCI20,20日顺势指标," CCI:=(TYP-MA(TYP,N))/(0.015*AVEDEV(TYP,N)); TYP:=(HIGH+LOW+CLOSE)/3; N:=20",0.403722,0.124416,0.013126,0.280785,0.379433,0.236017,0.676264,0.195566,0.077233,0.300094,0.682013,0.233777,0.163835,0.053863,0.189221,0.097932,0.234897,0.109848,-0.020539,-0.155583,0.891817,0,-0.189143,-0.069932,0.346307,-0.776609,0.234897
momentum,动量类因子,eeed18958e49bb3c7a26848f39f57e00,PLRC6,6日收盘价格与日期线性回归系数, 计算 6 日收盘价格，与日期序号（1-6）的线性回归系数，(close / mean(close)) = beta * t + alpha,0.321033,0.101057,-0.007922,0.310821,0.248496,0.289742,0.436897,0.133535,0.021342,0.309517,0.380183,0.272273,0.049898,0.016980,0.207180,-0.147608,0.281007,0.109848,-0.018968,-0.132532,0.901526,0,-0.112171,-0.040305,0.280704,-0.514919,0.281007
momentum,动量类因子,2da876043122bc0f8e385cbd01a2753f,CR20,CR指标, ①中间价=1日前的最高价+最低价/2 ②上升值=今天的最高价-前一日的中间价（负值记0） ③下跌值=前一日的中间价-今天的最低价（负值记0） ④多方强度=20天的上升值的和，空方强度=20天的下跌值的和 ⑤CR=（多方强度÷空方强度）×100,0.457062,0.139010,0.026275,0.308114,0.434991,0.158068,0.366602,0.114045,0.003781,0.270320,0.322224,0.155857,-0.087851,-0.031295,0.202570,-0.501732,0.156963,0.109848,-0.021197,-0.160227,0.851595,0,0.034189,0.011692,0.155144,-0.199214,0.156963
momentum,动量类因子,bc341795fbe12641e3e92c5d37fa73d3,ROC60,60日变动速率（Price Rate of Change）, ①AX=今天的收盘价—20天前的收盘价 ②BX=60天前的收盘价 ③ROC=AX/BX*100,0.452644,0.137815,0.025198,0.314754,0.417603,0.112872,0.323168,0.101672,-0.007367,0.338878,0.241567,0.109548,-0.108915,-0.039089,0.262937,-0.495300,0.111210,0.109848,-0.012515,-0.081933,0.902913,0,0.042523,0.014504,0.256195,-0.159671,0.111210
momentum,动量类因子,b34b8a2e2ffdc33cbbf0f2d59615008b,BIAS20,20日乖离率, （收盘价-收盘价的N日简单平均）/ 收盘价的N日简单平均*100，在此n取20,0.474445,0.143691,0.030493,0.308204,0.428696,0.201148,0.405322,0.124859,0.013525,0.323400,0.346165,0.211391,-0.079710,-0.028314,0.235173,-0.428134,0.206269,0.109848,-0.026516,-0.179638,0.900139,0,0.009545,0.003290,0.261879,-0.230064,0.206269
momentum,动量类因子,5737048759e0571173ac3c6b2407e8a2,bull_power,多头力道," (最高价-EMA(close,13)) / close",0.413977,0.127250,0.015679,0.305220,0.370581,0.271454,0.373535,0.115995,0.005539,0.355714,0.297826,0.278323,-0.052068,-0.018320,0.217428,-0.360228,0.274889,0.109848,-0.029317,-0.205269,0.864078,0,-0.022023,-0.007671,0.268526,-0.294450,0.274889
momentum,动量类因子,914223e7c2348221d6e7cf9987114254,arron_up_25,Aroon指标上轨, Aroon(上升)=[(计算期天数-最高价后的天数)/计算期天数]*100,0.359015,0.111902,0.001850,0.285509,0.317343,0.211025,0.473356,0.143399,0.030230,0.284561,0.472477,0.180132,0.062585,0.021212,0.123359,-0.184226,0.195579,0.109848,-0.013539,-0.132249,0.857143,0,-0.086756,-0.030893,0.190782,-0.695154,0.195579
momentum,动量类因子,a90df8f4cf7a453b476cb03cd7431a53,single_day_VPT_6,单日价量趋势6日均值," MA(single_day_VPT, 6)",0.310058,0.097885,-0.010779,0.296261,0.240785,0.303263,0.335759,0.105285,-0.004111,0.338655,0.275476,0.273499,-0.004458,-0.001544,0.161038,-0.340598,0.288381,0.109848,-0.022681,-0.197153,0.859917,0,-0.037773,-0.013226,0.199323,-0.436376,0.288381
momentum,动量类因子,aec0965e8fc8152e2ffddfaa77c1bc17,TRIX10,10日终极指标TRIX, MTR=收盘价的10日指数移动平均的10日指数移动平均的10日指数移动平均; TRIX=(MTR-1日前的MTR)/1日前的MTR*100,0.559292,0.166033,0.050623,0.309432,0.526161,0.065812,0.238520,0.076773,-0.029802,0.320126,0.152256,0.068520,-0.231021,-0.086830,0.291223,-0.831996,0.067166,0.109848,-0.018208,-0.125062,0.873786,0,0.215908,0.069934,0.163472,0.196366,0.067166
momentum,动量类因子,6289eff153ed07523eb0248c9c99f283,CCI10,10日顺势指标," CCI:=(TYP-MA(TYP,N))/(0.015*AVEDEV(TYP,N)); TYP:=(HIGH+LOW+CLOSE)/3; N:=10",0.363986,0.113306,0.003116,0.306108,0.325509,0.348904,0.658315,0.191124,0.073231,0.279944,0.668541,0.343275,0.182508,0.059679,0.153129,0.141766,0.346090,0.109848,-0.018170,-0.137328,0.891817,0,-0.200180,-0.074329,0.333200,-0.823619,0.346090
momentum,动量类因子,4657d6f8c92f5a1084077d330ff6d322,CCI88,88日顺势指标," CCI:=(TYP-MA(TYP,N))/(0.015*AVEDEV(TYP,N)); TYP:=(HIGH+LOW+CLOSE)/3; N:=88",0.346475,0.108344,-0.001356,0.316609,0.307880,0.106221,0.334279,0.104862,-0.004493,0.271883,0.290047,0.113874,-0.035859,-0.012548,0.201670,-0.373963,0.110048,0.109848,-0.016703,-0.122422,0.873786,0,-0.020307,-0.007069,0.224488,-0.334972,0.110048
momentum,动量类因子,8124f24554d2f9e3aa6fc159d73f05af,PLRC24,24日收盘价格与日期线性回归系数, 计算 24 日收盘价格，与日期序号（1-24）的线性回归系数， (close / mean(close)) = beta * t + alpha,0.500681,0.150687,0.036797,0.311422,0.465019,0.077899,0.316792,0.099833,-0.009024,0.300880,0.245375,0.073848,-0.147301,-0.053609,0.223335,-0.624937,0.075874,0.109848,-0.017322,-0.123811,0.886269,0,0.099124,0.033221,0.155643,-0.045258,0.075874
momentum,动量类因子,80f7a5fb7cd680f229757bf2e8032979,BIAS10,10日乖离率, （收盘价-收盘价的N日简单平均）/ 收盘价的N日简单平均*100，在此n取10,0.314878,0.099280,-0.009522,0.314496,0.242166,0.289935,0.556095,0.165206,0.049878,0.317059,0.509407,0.299215,0.140592,0.046537,0.164524,0.040800,0.294575,0.109848,-0.023989,-0.163315,0.895978,0,-0.185983,-0.068681,0.333280,-0.678295,0.294575
momentum,动量类因子,874fdb7abe0f5312e1d119bf94b06cd8,ROC6,6日变动速率（Price Rate of Change）, ①AX=今天的收盘价—6天前的收盘价 ②BX=6天前的收盘价 ③ROC=AX/BX*100,0.361617,0.112638,0.002513,0.320328,0.295234,0.322002,0.545785,0.162530,0.047468,0.302893,0.495775,0.301002,0.096098,0.032237,0.218941,-0.049592,0.311502,0.109848,-0.022464,-0.158156,0.891817,0,-0.150063,-0.054670,0.278006,-0.604748,0.311502
momentum,动量类因子,142becd17c28041ab199391bbcf18155,fifty_two_week_close_rank,当前价格处于过去1年股价的位置, 取过去的250个交易日各股的收盘价时间序列，每只股票按照从大到小排列，并找出当日所在的位置,0.494195,0.148965,0.035245,0.233886,0.524808,0.115331,0.219108,0.070907,-0.035087,0.347702,0.141626,0.107527,-0.192826,-0.071395,0.244100,-1.025096,0.111429,0.109848,0.005462,0.041570,0.877947,0,0.197284,0.064239,0.152902,0.223054,0.111429
momentum,动量类因子,bcb4c61a9ec5d2ae4a0f1858af46a439,MASS,梅斯线," MASS(N1=9, N2=25, M=6)",0.623750,0.182479,0.065442,0.293553,0.621055,0.089997,0.157247,0.051796,-0.052306,0.325406,0.048996,0.083008,-0.296299,-0.114416,0.301618,-1.307591,0.086502,0.109848,-0.020694,-0.195093,0.828017,0,0.364745,0.113521,0.091434,0.622572,0.086502
momentum,动量类因子,4412336dd956540cd3598082a10206ee,bear_power,空头力道," (最低价-EMA(close,13)) / close",0.312915,0.098712,-0.010034,0.341364,0.236257,0.257732,0.482393,0.145819,0.032410,0.285871,0.452042,0.276865,0.079599,0.026837,0.146541,-0.085108,0.267298,0.109848,-0.010175,-0.067669,0.893204,0,-0.135589,-0.049134,0.281479,-0.576328,0.267298
momentum,动量类因子,407dce7a559cb4de0583bb6264d2c728,single_day_VPT,单日价量趋势, （今日收盘价 - 昨日收盘价）/ 昨日收盘价 * 当日成交量  # (复权方法为基于当日前复权),0.256779,0.082236,-0.024880,0.308804,0.175459,0.725797,0.495414,0.149289,0.035537,0.281743,0.459839,0.729454,0.162597,0.053475,0.132788,0.112441,0.727626,0.109848,-0.018306,-0.161874,0.858530,0,-0.174842,-0.064293,0.271978,-0.870260,0.727626
momentum,动量类因子,832bdd467995fb37ebd4e96babecd16c,TRIX5,5日终极指标TRIX, MTR=收盘价的5日指数移动平均的10日指数移动平均的5日指数移动平均; TRIX=(MTR-1日前的MTR)/1日前的MTR*100,0.422319,0.129545,0.017747,0.321019,0.369734,0.130160,0.289684,0.091951,-0.016126,0.353738,0.212673,0.133406,-0.122418,-0.044150,0.233582,-0.549627,0.131783,0.109848,-0.021589,-0.150393,0.897365,0,0.064873,0.021972,0.199583,-0.117750,0.131783
momentum,动量类因子,506acf688ed3461e3cea99dee1e5905c,Rank1M,1减去 过去一个月收益率排名与股票总数的比值, 1-(Rank(个股20日收益) / 股票总数),0.305003,0.096419,-0.012101,0.306719,0.230436,0.173081,0.449913,0.137075,0.024532,0.337017,0.405273,0.187083,0.072866,0.024618,0.211714,-0.103782,0.180082,0.109848,0.023343,0.161601,0.868239,0,-0.125243,-0.045215,0.190302,-0.574946,0.180082
momentum,动量类因子,742568300480e79290f7346b900f34e0,CCI15,15日顺势指标," CCI:=(TYP-MA(TYP,N))/(0.015*AVEDEV(TYP,N)); TYP:=(HIGH+LOW+CLOSE)/3; N:=15",0.353778,0.110419,0.000514,0.289459,0.315674,0.275795,0.644913,0.187786,0.070224,0.301945,0.652996,0.273625,0.182684,0.059733,0.187720,0.139954,0.274710,0.109848,-0.020874,-0.157009,0.902913,0,-0.201714,-0.074943,0.344874,-0.815205,0.274710
style_pro,风险因子 - 新风格因子,d52ad701ca7c302e250b83921b7d67d6,market_beta,市场波动率因子, 1.00 * historical_beta,0.160122,0.052699,-0.051493,0.174668,0.081459,0.007663,0.648377,0.188650,0.071002,0.390986,0.450197,0.010553,0.442285,0.135003,0.332917,0.349332,0.009108,0.109848,-0.025121,-0.086570,0.947441,0,-0.440274,-0.181809,0.600941,-0.815608,0.009108
style_pro,风险因子 - 新风格因子,db6a4668c1f938c6ff7d2b69812c6533,relative_momentum,相对动量因子, 0.50 * historical_alpha + 0.50 * relative_strength_12_month,0.111906,0.037360,-0.065314,0.382702,-0.009830,0.017026,0.488938,0.147566,0.033984,0.271000,0.425880,0.017676,0.238417,0.076742,0.308539,0.170369,0.017351,0.109848,0.009384,0.042921,0.933610,0,-0.294118,-0.113468,0.372025,-0.711620,0.017351
style_pro,风险因子 - 新风格因子,8efd29b182c9512d970d1db7a79ca9bc,ltrevrsl,长期反转因子, 0.46 * long_term_historical_alpha + 0.54 * long_term_relative_strength,0.515999,0.154735,0.040444,0.298686,0.503609,0.019267,0.164789,0.054161,-0.050175,0.305685,0.056695,0.019281,-0.236118,-0.088928,0.320286,-1.075885,0.019274,0.109848,-0.003016,-0.026266,0.856155,0,0.255808,0.081947,0.143033,0.350038,0.019274
style_pro,风险因子 - 新风格因子,31d2b7421d286948cc308d435a4e80f9,resvol,残余波动率因子, 0.50 * daily_std + 0.42 * historical_resid_sigma + 0.08 * cum_range,0.396005,0.122275,0.011197,0.176296,0.484024,0.011604,0.418199,0.128412,0.016727,0.435275,0.267231,0.015062,0.032755,0.011207,0.415425,-0.110078,0.013333,0.109848,-0.047279,-0.173287,0.954357,0,-0.205446,-0.076441,0.485103,-0.445161,0.013333
style_pro,风险因子 - 新风格因子,f2cef4ad275c7456804f0f5bbfbdacfb,liquidty,流动性因子, 0.25 * monthly_share_turnover + 0.25 * quarterly_share_turnover + 0.25 * annual_share_turnover + 0.25 * annualized_traded_value_ratio,0.349324,0.109154,-0.000626,0.186292,0.395498,0.011549,0.619861,0.181499,0.064559,0.404337,0.449606,0.011355,0.226801,0.073239,0.318270,0.144008,0.011452,0.109848,-0.030373,-0.134169,0.955740,0,-0.301230,-0.116567,0.482819,-0.678326,0.011452
style_pro,风险因子 - 新风格因子,df5f230121a3a8c3be56eb671eba595a,market_size,市值规模因子, 1.00 * log_of_market_capitalization,0.364909,0.113567,0.003350,0.305364,0.296475,0.028811,0.441875,0.134891,0.022564,0.260567,0.405615,0.030166,0.001810,0.000626,0.299245,-0.226181,0.029488,0.109848,-0.003513,-0.021023,0.921162,0,-0.085482,-0.030426,0.281410,-0.404553,0.029488
style_pro,风险因子 - 新风格因子,8c892d9be78465a683c8021af976fde2,midcap,中等市值因子, 1.00 * cube_of_size_exposure,0.441875,0.134891,0.022564,0.260567,0.405615,0.030166,0.365991,0.113872,0.003625,0.305364,0.297711,0.028783,-0.084762,-0.030162,0.281410,-0.403031,0.029474,0.109848,0.003533,0.021135,0.922545,0,0.001020,0.000352,0.299245,-0.227747,0.029474
style_pro,风险因子 - 新风格因子,118a3eeb3ff2b66888632e31be71579e,btop,市净率因子, 1.00 * book_to_price,0.331467,0.104056,-0.005219,0.394701,0.229510,0.017247,0.428948,0.131363,0.019385,0.167672,0.470655,0.014441,-0.049043,-0.017238,0.394671,-0.272655,0.015844,0.109848,0.035367,0.157618,0.948824,0,-0.074145,-0.026286,0.385972,-0.315757,0.015844
style_pro,风险因子 - 新风格因子,d33aa2118b15c0fa336a2f5819d4233f,profit,盈利能力因子, 0.25 * asset_turnover + 0.25 * return_on_assets + 0.25 * gross_profitability_margin + 0.25 * gross_profitability,0.300940,0.095237,-0.013165,0.260065,0.247559,0.002904,0.061942,0.020999,-0.080056,0.320545,-0.088143,0.003001,-0.205855,-0.076606,0.268064,-0.934070,0.002953,0.109848,-0.013875,-0.096878,0.892116,0,0.203721,0.066214,0.157973,0.209986,0.002953
style_pro,风险因子 - 新风格因子,ddfb7eb98a6743c8fd83c755f2955b29,financial_leverage,财务杠杆因子, 0.40 * debt_to_asset + 0.30 * book_lev + 0.30 * market_lev,0.224542,0.072555,-0.033602,0.310397,0.135193,0.002531,0.428558,0.131256,0.019289,0.241979,0.442217,0.004509,0.114670,0.038251,0.194044,-0.013601,0.003520,0.109848,0.012487,0.091441,0.878285,0,-0.144742,-0.052628,0.207179,-0.720276,0.003520
style_pro,风险因子 - 新风格因子,905d55bb7a6acdfe1e311680c6edb47d,invsqlty,投资能力因子, 0.20 * capital_expenditure_growth + 0.40 * total_assets_growth_rate + 0.40 * issuance_growth,0.430561,0.131804,0.019783,0.365443,0.333909,0.004661,0.351892,0.109883,0.000031,0.237513,0.337305,0.003582,-0.123845,-0.044687,0.299324,-0.592665,0.004122,0.109848,0.017573,0.126743,0.897649,0,0.075944,0.025634,0.239013,-0.100539,0.004122
style_pro,风险因子 - 新风格因子,f258b452ef86541638dc109cf50cb60e,divyild,分红因子, 0.50 * dividend_to_price + 0.50 * analyst_predicted_dividend_to_price,0.429794,0.131594,0.019593,0.353430,0.323531,0.019834,0.328912,0.103323,-0.005879,0.197170,0.373822,0.013721,-0.190699,-0.070550,0.437994,-0.523208,0.016778,0.109848,0.024355,0.116918,0.933610,0,0.086055,0.028956,0.318926,-0.052268,0.016778
style_pro,风险因子 - 新风格因子,c3ded7e2e79bf4bcad2a6269ae598ee2,earnqlty,盈利质量因子, 0.60 * accruals_balance_sheet_version + 0.40 * accruals_cashflow_statement_version,0.219459,0.071014,-0.034991,0.359175,0.128979,0.005021,0.330206,0.103695,-0.005545,0.251833,0.288461,0.004481,0.062384,0.021146,0.187862,-0.194704,0.004751,0.109848,0.014045,0.134201,0.860304,0,-0.083879,-0.029839,0.274714,-0.721205,0.004751
style_pro,风险因子 - 新风格因子,94721b30ab0ed7563a1541d12e6b5ebf,earnyild,收益因子, 0.10 * cash_earnings_to_price + 0.20 * enterprise_multiple + 0.50 * analyst_predicted_earnings_to_price + 0.20 * earnings_to_price,0.324384,0.102022,-0.007052,0.389983,0.214100,0.016694,0.445869,0.135977,0.023543,0.202119,0.521063,0.018672,-0.051678,-0.018180,0.392346,-0.265540,0.017683,0.109848,0.026195,0.119887,0.929461,0,-0.082095,-0.029186,0.381609,-0.315771,0.017683
style_pro,风险因子 - 新风格因子,9f8a13cc4cf2912f8ea706e111bfb0d0,long_growth,长期成长因子, 0.20 * sales_per_share_growth_rate + 0.70 * long_term_pred_earnings_growth + 0.10 * earnings_per_share_growth_rate,0.186281,0.060847,-0.044152,0.235021,0.102553,0.011729,0.615593,0.180422,0.063589,0.343003,0.515023,0.012960,0.390169,0.120650,0.201507,0.594498,0.012344,0.109848,-0.014412,-0.107097,0.897649,0,-0.318025,-0.123967,0.437690,-1.208655,0.012344
style_pro,风险因子 - 新风格因子,d8e8cfe40e548dd7c531536209c6cc68,earnvar,盈利变动率因子, 0.20 * variability_in_cashflows + 0.25 * variability_in_earnings + 0.20 * variability_in_sales + 0.35 * std_of_analyst_forecast_earning_to_price,0.192491,0.062764,-0.042424,0.230316,0.117299,0.015117,0.404967,0.124761,0.013436,0.368821,0.325962,0.014841,0.204083,0.066325,0.250537,0.218770,0.014979,0.109848,-0.015225,-0.120594,0.872752,0,-0.203559,-0.075683,0.394777,-0.961373,0.014979
