name,intro,category,category_intro,algorithmIntro,n,mean_abs_ic,min_abs_ic,mean_abs_ir,mean_best_ann,min_best_ann,positive_ann_count,mean_turnover,max_turnover,ic_sign_consistency,robust_score
raw_beta,RAW BETA,style,风险因子 - 风格因子,一元线性回归求解 beta=sum(w_t*(r_t-r_mean)*(R_t-R_mean))/sum(w_t*(R_t-R_mean)^2)，其中r_t、R_t分别使用前252个交易日的股票和中证流通指数的close数据，w_t为半衰期为63个交易日的指数加权平均权重，w_t=0.5**(t/63),6,0.016034999999999997,0.001081,0.05119183333333333,0.3216096666666666,-0.029735,5,0.019153,0.024241,0.6666666666666666,0.2991204055555555
beta,BETA,style,风险因子 - 风格因子,一元线性回归求解 beta=sum(w_t*(r_t-r_mean)*(R_t-R_mean))/sum(w_t*(R_t-R_mean)^2)，其中r_t、R_t分别使用前252个交易日的股票和中证流通指数的close数据，w_t为半衰期为63个交易日的指数加权平均权重，w_t=0.5**(t/63),6,0.016009666666666665,0.001092,0.05114333333333334,0.3215965,-0.029735,5,0.019152333333333334,0.024237,0.6666666666666666,0.2990588
liquidity_v2,流动性因子,,,,6,0.0264735,0.007768,0.11016033333333335,0.23844350000000003,0.017873,6,0.010772166666666666,0.012863,1.0,0.2908518916666667
average_share_turnover_quarterly,季度平均平均月换手率,style,风险因子 - 风格因子, ln(sum(turn_over_ratio)/3)，turn_over_ratio为过去三个月（63个交易日）的平均换手率,6,0.025908666666666667,0.00733,0.10771616666666667,0.23282233333333335,0.004246,6,0.010762166666666668,0.012811,1.0,0.28410155833333334
sale_expense_to_operating_revenue,营业费用与营业总收入之比,quality,质量类因子, 营业费用与营业总收入之比=销售费用（TTM）/营业总收入（TTM）,6,0.009464166666666666,0.001893,0.10959416666666666,0.24559383333333332,0.010838,6,0.005591666666666666,0.006885,0.8333333333333334,0.26424258333333334
average_share_turnover_annual,年度平均月换手率,style,风险因子 - 风格因子, ln(sum(turn_over_ratio)/12)，turn_over_ratio为过去十二个月（252个交易日）的平均换手率,6,0.020698333333333332,0.004654,0.088169,0.2187861666666667,0.000131,6,0.0042005,0.00567,1.0,0.25997280833333336
long_growth,长期成长因子,style_pro,风险因子 - 新风格因子, 0.20 * sales_per_share_growth_rate + 0.70 * long_term_pred_earnings_growth + 0.10 * earnings_per_share_growth_rate,6,0.010320166666666667,0.002678,0.07076833333333334,0.22054183333333333,0.000913,6,0.011640666666666667,0.012419,0.6666666666666666,0.24060013333333333
Variance120,120日收益方差,risk,风险类因子, 取121个交易日的收盘价，算出日收益率，再取方差,6,0.027738833333333334,0.016083,0.15584183333333335,0.18599416666666668,0.002762,6,0.0237985,0.028095,1.0,0.24028190833333335
share_turnover_monthly,月换手率,style,风险因子 - 风格因子, ln(sum(turn_over_ratio))，turn_over_ratio为过去21个交易日的换手率,6,0.031015166666666667,0.010504,0.1325205,0.21249983333333333,-0.004882,5,0.02368416666666667,0.027021,1.0,0.23792931944444443
Variance60,60日收益方差,risk,风险类因子, 取61个交易日的收盘价，算出日收益率，再取方差,6,0.030616833333333333,0.020613,0.17804050000000002,0.1942771666666667,-0.007403,5,0.03636783333333333,0.038444,1.0,0.2213129138888889
liquidity,流动性因子,style,风险因子 - 风格因子, 0.35 * 月换手率 + 0.35 * 季度平均平均月换手率 + 0.3 * 年度平均月换手率，之后将结果和市值因子做回归，取残差（去除和市值因子的共线性）,6,0.024781833333333333,0.005346,0.1116465,0.20609716666666666,-0.01046,5,0.014457999999999999,0.015831,1.0,0.22058840555555556
Variance20,20日收益方差,risk,风险类因子, 取21个交易日的收盘价，算出日收益率，再取方差,6,0.03269616666666667,0.022721,0.21372833333333333,0.15692566666666666,0.014132,6,0.0819565,0.08474,1.0,0.21822017500000002
liquidty,流动性因子,style_pro,风险因子 - 新风格因子, 0.25 * monthly_share_turnover + 0.25 * quarterly_share_turnover + 0.25 * annual_share_turnover + 0.25 * annualized_traded_value_ratio,6,0.023867666666666666,0.005828,0.09975483333333333,0.20512683333333334,-0.00893,5,0.010877999999999999,0.012408,1.0,0.21813046111111112
total_asset_growth_rate,总资产增长率,growth,成长类因子, 总资产 / 总资产_4 -1,6,0.006372166666666666,0.001956,0.065893,0.18809399999999998,0.041097,6,0.012069166666666667,0.014692,0.5,0.20023487499999998
BR,意愿指标,emotion,情绪类因子, BR=N日内（当日最高价－昨日收盘价）之和 / N日内（昨日收盘价－当日最低价）之和×100 n设定为26,6,0.017051,0.010497,0.13992783333333333,0.170696,0.004179,6,0.1518705,0.158454,1.0,0.197204475
momentum_v2,动量因子,,,,6,0.010831833333333332,0.000738,0.059894833333333335,0.1788438333333333,0.007463,6,0.11036066666666666,0.114021,0.5,0.19498946666666664
momentum,动量因子,style,风险因子 - 风格因子, 动量因子=1.0*相对强弱因子=sum(w_t * ln(1 + r_t))，其中r_t取滞后21个交易日的前504个交易日的close数据，w_t为半衰期为126天的指数权重，满足w(t-126)=0.5*w(t),6,0.013556166666666666,0.005333,0.05744383333333333,0.17050733333333334,0.059078,6,0.054266666666666664,0.0595,0.8333333333333334,0.19490633333333332
relative_strength,相对强弱,style,风险因子 - 风格因子, sum(w_t * ln(1 + r_t))，其中r_t取滞后21个交易日的前504个交易日的close数据，w_t为半衰期为126天的指数权重，满足w(t-126)=0.5*w(t),6,0.013561499999999999,0.005347,0.05746966666666667,0.16933466666666666,0.058782,6,0.05427833333333334,0.059575,0.8333333333333334,0.19374375
relative_momentum,相对动量因子,style_pro,风险因子 - 新风格因子, 0.50 * historical_alpha + 0.50 * relative_strength_12_month,6,0.013655333333333334,0.004028,0.06008483333333334,0.16250766666666666,0.052655,6,0.01742583333333333,0.018312,0.8333333333333334,0.18894704166666668
earnvar,盈利变动率因子,style_pro,风险因子 - 新风格因子, 0.20 * variability_in_cashflows + 0.25 * variability_in_earnings + 0.20 * variability_in_sales + 0.35 * std_of_analyst_forecast_earning_to_price,6,0.010711,0.000154,0.08514233333333333,0.16764416666666668,0.003393,6,0.014261999999999999,0.014979,0.8333333333333334,0.18835306666666668
residual_volatility,残差波动因子,style,风险因子 - 风格因子, 0.74 * 日收益率标准差(DASTD) + 0.16 * 收益离差(CMRA) + 0.1 * 残差历史波动率(HSIGMA)，之后将结果和beta因子，市值因子做回归，取残差,6,0.034483,0.021733,0.2385505,0.13457266666666667,-0.007749,5,0.038923,0.041689,1.0,0.1791637388888889
divyild,分红因子,style_pro,风险因子 - 新风格因子, 0.50 * dividend_to_price + 0.50 * analyst_predicted_dividend_to_price,6,0.022772833333333336,0.013959,0.10324316666666666,0.13257916666666666,0.023426,6,0.016122333333333332,0.019571,1.0,0.17731871666666668
growth,成长因子,style,风险因子 - 风格因子,0.18 * 预期长期盈利增长率 + 0.11 * 预期短期盈利增长率 + 0.24 * 5年盈利增长率 + 0.47 * 5年营业收入增长率,6,0.007411,2.2e-05,0.06870883333333334,0.157717,0.009293,6,0.0077325,0.008419,0.5,0.172152375
operating_revenue_growth_rate,营业收入增长率,growth,成长类因子, 营业收入增长率=（今年营业收入（TTM）/去年营业收入（TTM））-1,6,0.005749333333333333,0.000353,0.06664583333333333,0.161049,0.070375,6,0.012375166666666666,0.01604,0.6666666666666666,0.17192890833333332
VOL10,10日平均换手率,emotion,情绪类因子," 10日换手率的均值,单位为%",6,0.028717333333333334,0.014378,0.1884055,0.1388535,-0.010077,5,0.047755,0.050081,1.0,0.17075816666666666
VOL60,60日平均换手率,emotion,情绪类因子," 60日换手率的均值,单位为%",6,0.020603333333333335,0.007026,0.1310445,0.15624866666666667,-0.007211,5,0.01568433333333333,0.018188,1.0,0.17062967222222222
earnqlty,盈利质量因子,style_pro,风险因子 - 新风格因子, 0.60 * accruals_balance_sheet_version + 0.40 * accruals_cashflow_statement_version,6,0.010466166666666665,0.000445,0.08458066666666665,0.14393933333333334,0.021146,6,0.004627333333333333,0.005118,1.0,0.1646403
ltrevrsl,长期反转因子,style_pro,风险因子 - 新风格因子, 0.46 * long_term_historical_alpha + 0.54 * long_term_relative_strength,6,0.008278,0.003016,0.058609166666666664,0.14327983333333333,0.001491,6,0.019234499999999998,0.025639,0.6666666666666666,0.15887410833333335
Price1Y,当前股价除以过去一年股价均值再减1,momentum,动量类因子, 当日收盘价 / mean(过去一年(250天)的收盘价) -1,6,0.009041833333333334,0.000154,0.06684,0.13943333333333333,0.033472,6,0.0707275,0.083428,0.6666666666666666,0.15398062499999998
ARBR,ARBR,emotion,情绪类因子, 因子 AR 与因子 BR 的差,6,0.007358666666666667,0.005187,0.0981165,0.14167966666666668,0.072033,6,0.1432175,0.175472,1.0,0.149236125
VOL120,120日平均换手率,emotion,情绪类因子," 120日换手率的均值,单位为%",6,0.018178166666666665,0.005727,0.11720916666666666,0.13506083333333332,-0.000605,5,0.011366333333333332,0.013319,1.0,0.14833871111111108
rnoa_ttm,经营资产回报率TTM,quality,质量类因子, 销售利润率*经营资产周转率,6,0.0034113333333333335,1.3e-05,0.03779166666666667,0.14132783333333335,0.013492,6,0.008011833333333334,0.010892,0.8333333333333334,0.14774990833333335
CCI15,15日顺势指标,momentum,动量类因子," CCI:=(TYP-MA(TYP,N))/(0.015*AVEDEV(TYP,N)); TYP:=(HIGH+LOW+CLOSE)/3; N:=15",6,0.02130716666666667,0.012768,0.16556933333333335,0.11858616666666666,0.046935,6,0.2730465,0.280528,1.0,0.147548175
sharpe_ratio_120,120日夏普比率,risk,风险类因子, （Rp - Rf） / Sigma p 其中，Rp是个股的年化收益率，Rf是无风险利率（在这里设置为0.04），Sigma p是个股的收益波动率（标准差）,6,0.008506333333333333,0.000947,0.06725966666666666,0.1301485,0.009413,6,0.086971,0.099206,1.0,0.14281261666666667
ROC120,120日变动速率（Price Rate of Change）,momentum,动量类因子, ①AX=今天的收盘价—20天前的收盘价 ②BX=60天前的收盘价 ③ROC=AX/BX*100,6,0.0067996666666666665,7.8e-05,0.05053716666666667,0.1317691666666667,0.003686,6,0.08237466666666667,0.089986,0.8333333333333334,0.14124976666666667
turnover_volatility,换手率相对波动率,emotion,情绪类因子, 取20个交易日个股换手率的标准差,6,0.029562833333333333,0.016283,0.212677,0.10175783333333334,-0.009843,5,0.05886066666666667,0.060025,1.0,0.1409808277777778
net_asset_growth_rate,净资产增长率,growth,成长类因子, （当季的股东权益/三季度前的股东权益）-1,6,0.006725333333333333,0.001736,0.07449616666666667,0.12791533333333333,0.019404,6,0.012525666666666666,0.01565,0.5,0.14073971666666665
MAC60,60日移动均线,technical,技术指标因子, 60日移动均线 / 今日收盘价,6,0.021378166666666667,0.010527,0.1406575,0.10255466666666667,0.017324,6,0.12164766666666667,0.128924,1.0,0.13922861666666667
CCI20,20日顺势指标,momentum,动量类因子," CCI:=(TYP-MA(TYP,N))/(0.015*AVEDEV(TYP,N)); TYP:=(HIGH+LOW+CLOSE)/3; N:=20",6,0.020492,0.012449,0.15808183333333334,0.1074155,0.041829,6,0.23228716666666668,0.240586,1.0,0.13678514166666667
earnings_growth,5年盈利增长率,style,风险因子 - 风格因子, 过去5个财年 年均EPS增长 除以 年均EPS,6,0.0063826666666666676,0.000867,0.05846516666666667,0.12301083333333335,0.010267,6,0.004005333333333333,0.004505,0.5,0.1355759
VOL240,240日平均换手率,emotion,情绪类因子," 240日换手率的均值,单位为%",6,0.015982,0.003785,0.10618616666666668,0.12480166666666666,-0.001791,5,0.009013166666666668,0.011537,1.0,0.13551473055555555
Volume1M,当前交易量相比过去1个月日均交易量 与过去过去20日日均收益率乘积,momentum,动量类因子, 当日交易量 / 过去20日交易量MEAN * 过去20日收益率MEAN,6,0.02541133333333333,0.01647,0.18951883333333333,0.096185,0.003834,6,0.236757,0.24193,1.0,0.13516981666666666
Price3M,当前股价除以过去三个月股价均值再减1,momentum,动量类因子, 当日收盘价 / mean(过去三个月(61天)的收盘价) -1,6,0.021202666666666665,0.010265,0.13861016666666667,0.09776933333333332,0.014801,6,0.12170683333333333,0.128671,1.0,0.13408932499999998
VOSC,成交量震荡,emotion,情绪类因子, 'VEMA12'和'VEMA26'两者的差值，再求差值与'VEMA12'的比，最后将比值放大100倍，得到VOSC值,6,0.02722216666666667,0.018146,0.2633915,0.08670066666666666,0.024604,6,0.15266933333333332,0.163033,1.0,0.13351153333333332
invsqlty,投资能力因子,style_pro,风险因子 - 新风格因子, 0.20 * capital_expenditure_growth + 0.40 * total_assets_growth_rate + 0.40 * issuance_growth,6,0.015859,0.004781,0.10744416666666666,0.12010166666666666,-0.010655,5,0.004168000000000001,0.004759,0.8333333333333334,0.13159432222222223
AR,人气指标,emotion,情绪类因子, AR=N日内（当日最高价—当日开市价）之和 / N日内（当日开市价—当日最低价）之和 * 100，n设定为26,6,0.021069833333333333,0.013533,0.1796063333333333,0.09643433333333333,0.00576,6,0.15040166666666666,0.151734,1.0,0.13105391666666666
MLEV,市场杠杆,quality,质量类因子, 市场杠杆=非流动负债合计/(非流动负债合计+总市值),6,0.008065166666666667,0.00379,0.08088833333333333,0.11534166666666666,0.003201,6,0.012584666666666668,0.015349,1.0,0.13084276666666667
roa_ttm,资产回报率TTM,quality,质量类因子, 资产回报率=净利润（TTM）/期末总资产,6,0.0054663333333333335,0.001935,0.05679566666666667,0.12013616666666667,0.001592,6,0.008483666666666665,0.012289,0.8333333333333334,0.13064465
CCI88,88日顺势指标,momentum,动量类因子," CCI:=(TYP-MA(TYP,N))/(0.015*AVEDEV(TYP,N)); TYP:=(HIGH+LOW+CLOSE)/3; N:=88",6,0.014815166666666666,0.005394,0.11157266666666667,0.127665,-0.007069,5,0.10805716666666666,0.113815,1.0,0.130614975
arron_down_25,Aroon指标下轨,momentum,动量类因子, Aroon(下降)=[(计算期天数-最低价后的天数)/计算期天数]*100,6,0.006902166666666667,0.001546,0.07046999999999999,0.12572816666666667,0.003129,6,0.20314633333333332,0.224575,0.8333333333333334,0.12937518333333334
total_operating_revenue_per_share,每股营业总收入,pershare,每股指标因子, 每股营业总收入,6,0.004690000000000001,0.000456,0.06197466666666667,0.1199735,0.007693,6,0.009835666666666666,0.01231,0.6666666666666666,0.12886171666666668
equity_to_fixed_asset_ratio,股东权益与固定资产比率,quality,质量类因子, 股东权益与固定资产比率=股东权益/(固定资产+工程物资+在建工程),6,0.0031581666666666668,0.000525,0.041273166666666666,0.12226566666666666,0.006854,6,0.004185,0.005315,0.6666666666666666,0.12837275
TVMA6,6日成交金额的移动平均值,emotion,情绪类因子, 6日成交金额的移动平均值,6,0.0264385,0.01252,0.18413166666666667,0.0767695,0.008744,6,0.06668433333333333,0.069704,1.0,0.12631228333333333
EMAC26,26日指数移动均线,technical,技术指标因子, 26日指数移动均线 / 今日收盘价,6,0.029783166666666666,0.017304,0.20318983333333332,0.07568983333333333,0.019594,6,0.20310216666666667,0.211595,1.0,0.12510105833333335
money_flow_20,20日资金流量,emotion,情绪类因子, 用收盘价、最高价及最低价的均值乘以当日成交量即可得到该交易日的资金流量,6,0.0203495,0.005308,0.137721,0.085693,0.002576,6,0.030443166666666664,0.033606,1.0,0.12486984166666668
BIAS60,60日乖离率,momentum,动量类因子, （收盘价-收盘价的N日简单平均）/ 收盘价的N日简单平均*100，在此n取60,6,0.021252999999999998,0.01038,0.13976633333333335,0.08826200000000001,0.010854,6,0.1225895,0.130044,1.0,0.124638525
bear_power,空头力道,momentum,动量类因子," (最低价-EMA(close,13)) / close",6,0.013466833333333332,0.005403,0.09292299999999999,0.11112483333333334,0.026837,6,0.27039083333333336,0.272276,1.0,0.12453895833333334
TVMA20,20日成交金额的移动平均值,emotion,情绪类因子, 20日成交金额的移动平均值,6,0.020290166666666668,0.005274,0.13754033333333335,0.08536300000000001,0.007206,6,0.03051,0.033773,1.0,0.12441783333333335
ROAEBITTTM,总资产报酬率,quality,质量类因子, （利润总额（TTM）+利息支出（TTM）） / 总资产在过去12个月的平均,6,0.005686333333333334,0.002334,0.058082833333333334,0.11303266666666667,0.004024,6,0.0082115,0.012452,0.8333333333333334,0.12399475833333334
operating_revenue_per_share,每股营业收入,pershare,每股指标因子, 每股营业收入,6,0.004785333333333333,0.000377,0.06303416666666666,0.11469066666666666,0.004724,6,0.009863666666666666,0.01231,0.6666666666666666,0.12376815000000001
np_parent_company_owners_growth_rate,归属母公司股东的净利润增长率,growth,成长类因子, (今年归属于母公司所有者的净利润（TTM）/去年归属于母公司所有者的净利润（TTM）)-1,6,0.007068666666666667,0.003201,0.08687033333333333,0.10852650000000001,0.015235,6,0.012362499999999998,0.014872,1.0,0.12204570833333335
sharpe_ratio_20,20日夏普比率,risk,风险类因子, （Rp - Rf） / Sigma p 其中，Rp是个股的年化收益率，Rf是无风险利率（在这里设置为0.04），Sigma p是个股的收益波动率（标准差）,6,0.022819999999999997,0.014928,0.1833543333333333,0.10208849999999998,-0.002362,5,0.1876243333333333,0.193616,1.0,0.12133253333333333
growth_v2,成长因子,,,,6,0.007305,0.002879,0.07055383333333333,0.12857383333333333,-0.007974,5,0.019386999999999998,0.021124,0.6666666666666666,0.1207855111111111
bull_power,多头力道,momentum,动量类因子," (最高价-EMA(close,13)) / close",6,0.0300295,0.020349,0.21518649999999998,0.08773333333333333,-0.007671,5,0.2729063333333333,0.275153,1.0,0.11952479444444443
quick_ratio,速动比率,quality,质量类因子, 速动比率=(流动资产合计-存货)/ 流动负债合计,6,0.004631333333333334,0.000119,0.0622115,0.11028500000000001,0.017495,6,0.0067891666666666664,0.008325,0.6666666666666666,0.11920820833333334
cash_to_current_liability,现金比率,quality,质量类因子, 期末现金及现金等价物余额/流动负债合计的12个月均值,6,0.003790166666666667,0.001293,0.06054366666666666,0.133918,-0.002188,5,0.009425833333333333,0.012152,0.5,0.118707375
EMAC20,20日指数移动均线,technical,技术指标因子, 20日指数移动均线 / 今日收盘价,6,0.031405833333333334,0.018985,0.21577733333333335,0.06691983333333333,0.014291,6,0.22930583333333332,0.234604,1.0,0.11826620833333333
roe_ttm,权益回报率TTM,quality,质量类因子, 权益回报率=净利润（TTM）/期末股东权益,6,0.006118833333333334,0.001472,0.059943666666666666,0.10594833333333332,0.000917,6,0.009432000000000001,0.013714,0.8333333333333334,0.11771439999999998
EMAC120,120日指数移动均线,technical,技术指标因子, 120日指数移动均线 / 今日收盘价,6,0.016335,0.004041,0.112238,0.08995583333333333,0.008371,6,0.10468300000000001,0.119109,1.0,0.11739168333333332
CR20,CR指标,momentum,动量类因子, ①中间价=1日前的最高价+最低价/2 ②上升值=今天的最高价-前一日的中间价（负值记0） ③下跌值=前一日的中间价-今天的最低价（负值记0） ④多方强度=20天的上升值的和，空方强度=20天的下跌值的和 ⑤CR=（多方强度÷空方强度）×100,6,0.018690500000000002,0.012205,0.144117,0.08786416666666667,0.001687,6,0.15718666666666667,0.161831,1.0,0.11738583333333336
Price1M,当前股价除以过去一个月股价均值再减1,momentum,动量类因子, 当日收盘价 / mean(过去一个月(21天)的收盘价) -1,6,0.029781666666666665,0.018362,0.20846716666666665,0.067806,0.002742,6,0.20150116666666665,0.204375,1.0,0.117294275
cash_earnings_to_price_ratio,现金流量市值比,style,风险因子 - 风格因子, 过去一年的净经营现金流 除以 当前股票市值,6,0.020365833333333333,0.015968,0.11720233333333334,0.09242650000000001,-0.001825,5,0.011605833333333334,0.01222,1.0,0.11717345833333334
sale_expense_ttm,销售费用TTM,basics,基础科目及衍生类因子, 计算过去12个月 销售费用 之和,6,0.004867,3.6e-05,0.0504095,0.1291375,-0.000148,5,0.007455333333333334,0.009528,0.6666666666666666,0.11697581666666668
margin_stability,盈利能力稳定性,quality,质量类因子, mean(GM)/std(GM); GM 为过去8年毛利率ttm,6,0.0036045,0.00018,0.050264333333333334,0.10905033333333332,0.022871,6,0.0072365,0.007689,0.5,0.11589750833333333
total_profit_growth_rate,利润总额增长率,growth,成长类因子, 利润总额增长率=(今年利润总额（TTM）/去年利润总额（TTM）)-1,6,0.007259666666666667,0.0036,0.0891725,0.1017105,0.02294,6,0.012510166666666668,0.014896,1.0,0.115604325
sales_growth,5年营业收入增长率,style,风险因子 - 风格因子, 过去5个财年的 每股营业收入增长 除以 年均每股营业收入,6,0.006343666666666667,0.000441,0.06203966666666667,0.103059,0.000635,6,0.0037365000000000002,0.004084,0.6666666666666666,0.11555950833333332
earnings_to_price_ratio,利润市值比,style,风险因子 - 风格因子, 过去一年的净利润 除以 当前股票市值，等于 PE 的倒数,6,0.025177666666666664,0.019049,0.11605033333333332,0.0778615,-0.007155,5,0.011938666666666667,0.013301,1.0,0.11464298333333334
DAVOL5,5日平均换手率与120日平均换手率,emotion,情绪类因子, 5日平均换手率 / 120日平均换手率,6,0.027539833333333333,0.019086,0.268922,0.06652166666666667,0.004781,6,0.13957783333333332,0.150151,1.0,0.11462244166666667
EMAC10,10日指数移动均线,technical,技术指标因子, 10日指数移动均线 / 今日收盘价,6,0.03381183333333333,0.021459,0.2368085,0.06280083333333333,0.007432,6,0.31670933333333334,0.320901,1.0,0.11458903333333333
MAC20,20日移动均线,technical,技术指标因子, 20日移动均线 / 今日收盘价,6,0.029577500000000003,0.018192,0.20913533333333334,0.06467483333333333,0.006304,6,0.20460333333333333,0.207806,1.0,0.11359966666666667
TVSTD6,6日成交金额的标准差,emotion,情绪类因子, 6日成交额的标准差,6,0.030768833333333332,0.020885,0.24536433333333332,0.05907866666666667,0.012972,6,0.16463183333333334,0.169228,1.0,0.11238474166666666
operating_profit_per_share,每股营业利润,pershare,每股指标因子, 每股营业利润,6,0.009618333333333333,0.002041,0.093134,0.1123505,-0.009458,5,0.015129666666666666,0.019705,0.8333333333333334,0.1121056
intangible_asset_ratio,无形资产比率,quality,质量类因子, 无形资产比率=(无形资产+研发支出+商誉)/总资产,6,0.0031848333333333334,0.000979,0.05039866666666667,0.10563466666666667,0.007692,6,0.004699,0.006914,0.6666666666666666,0.11176938333333333
inventory_turnover_rate,存货周转率,quality,质量类因子, 存货周转率=营业成本（TTM）/存货,6,0.004133833333333333,0.001343,0.03913883333333333,0.10333316666666666,0.023425,6,0.0063545,0.007887,0.6666666666666666,0.11128310833333331
sentiment_v2,情绪因子,,,,6,0.006438666666666666,0.001966,0.06382566666666666,0.10033966666666666,0.012528,6,0.050347333333333334,0.062384,0.6666666666666666,0.11069963333333332
short_term_predicted_earnings_growth,预期短期盈利增长率,style,风险因子 - 风格因子, 分析师预测未来1年盈利增长率,6,0.00715,0.001757,0.05038183333333333,0.11658166666666668,-0.003608,5,0.015343166666666666,0.016929,0.8333333333333334,0.11068423055555555
TVSTD20,20日成交金额的标准差,emotion,情绪类因子, 20日成交额的标准差,6,0.025583666666666668,0.011989,0.18466333333333332,0.07447183333333333,-0.004729,5,0.05788716666666666,0.058535,1.0,0.11033283611111112
GMI,毛利率指数,quality,质量类因子, 上期(年报)毛利率/本期(年报)毛利率,6,0.0037375,0.000536,0.05501783333333333,0.10258216666666665,0.019492,6,0.0081325,0.00839,0.8333333333333334,0.10965054166666666
PEG,PEG,growth,成长类因子,PEG = PE / (归母公司净利润(TTM)增长率 * 100)  # 如果 PE 或 增长率为负，则为 nan,6,0.004721166666666666,0.000674,0.051700833333333335,0.10121766666666666,0.005029,6,0.027910166666666666,0.029893,1.0,0.10926449166666666
net_operate_cash_flow_ttm,经营活动现金流量净额TTM,basics,基础科目及衍生类因子, 计算过去12个月 经营活动产生的现金流量净值 之和,6,0.013645,0.009547,0.129114,0.08236633333333333,0.025675,6,0.013279166666666667,0.014298,1.0,0.10899237499999999
EBIT,息税前利润,basics,基础科目及衍生类因子, =净利润+所得税+财务费用,6,0.018416833333333334,0.012303,0.14450949999999999,0.07267266666666666,0.014128,6,0.018571166666666666,0.021537,1.0,0.108577775
fifty_two_week_close_rank,当前价格处于过去1年股价的位置,momentum,动量类因子, 取过去的250个交易日各股的收盘价时间序列，每只股票按照从大到小排列，并找出当日所在的位置,6,0.009167333333333333,0.000407,0.077416,0.09308100000000001,0.022919,6,0.102147,0.111429,0.8333333333333334,0.10630831666666668
operating_tax_to_operating_revenue_ratio_ttm,销售税金率,quality,质量类因子, 销售税金率=营业税金及附加（TTM）/营业收入（TTM）,6,0.003093666666666667,0.000299,0.04380766666666667,0.10033733333333333,0.019006,6,0.005299000000000001,0.00667,0.6666666666666666,0.10625971666666667
ROC20,20日变动速率（Price Rate of Change）,momentum,动量类因子, ①AX=今天的收盘价—20天前的收盘价 ②BX=20天前的收盘价 ③ROC=AX/BX*100,6,0.024638333333333335,0.015672,0.17994600000000002,0.06514783333333334,0.006487,6,0.17354716666666667,0.177979,1.0,0.10574714166666668
ROC60,60日变动速率（Price Rate of Change）,momentum,动量类因子, ①AX=今天的收盘价—20天前的收盘价 ②BX=60天前的收盘价 ③ROC=AX/BX*100,6,0.013200166666666666,0.004672,0.08914783333333333,0.08456616666666668,0.014355,6,0.10634650000000001,0.112428,1.0,0.10564917500000001
earnings_yield,盈利预期因子,style,风险因子 - 风格因子,0.68 * 预期市盈率 + 0.21 * 营业收益市值比 + 0.11 * 利润市值比,6,0.026145333333333336,0.020884,0.11501833333333333,0.06331350000000001,-0.001466,5,0.01837633333333333,0.020899,1.0,0.10413310000000002
EMAC12,12日指数移动均线,technical,技术指标因子, 12日指数移动均线 / 今日收盘价,6,0.033467000000000004,0.021189,0.2330035,0.060593499999999995,-0.002765,5,0.2912241666666667,0.294773,1.0,0.102867375
account_receivable_turnover_days,应收账款周转天数,quality,质量类因子, 应收账款周转天数=360/应收账款周转率,6,0.005641166666666667,0.00181,0.060983333333333334,0.091499,0.00464,6,0.0062305,0.007252,0.5,0.10246980833333333
roic_ttm,投资资本回报率TTM,quality,质量类因子, 权益回报率=归属于母公司股东的净利润（TTM）/ 前四个季度投资资本均值; 投资资本=股东权益+负债合计-无息流动负债-无息非流动负债;             无息流动负债=应付账款+预收款项+应付职工薪酬+应交税费+其他应付款+一年内的递延收益+其它流动负债;             无息非流动负债=非流动负债合计-长期借款-应付债券；,6,0.0054785,0.000856,0.053643666666666666,0.11017049999999999,-0.006696,5,0.009140166666666666,0.013378,0.8333333333333334,0.10230874166666666
net_profit_growth_rate,净利润增长率,growth,成长类因子, 净利润增长率=(今年净利润（TTM）/去年净利润（TTM）)-1,6,0.006853000000000001,0.003229,0.0835725,0.08907316666666666,0.014737,6,0.012370833333333333,0.014726,1.0,0.10216062499999999
Skewness120,个股收益的120日偏度,risk,风险类因子, 取121个交易日的收盘价数据，计算日收益率，再计算其偏度,6,0.019504833333333332,0.012882,0.2190633333333333,0.06505033333333334,0.002087,6,0.0425315,0.044162,1.0,0.101933425
asset_turnover_ttm,经营资产周转率TTM,quality,质量类因子, 营业收入TTM/近4个季度期末净经营性资产均值; 净经营性资产=经营资产-经营负债,6,0.002670333333333333,0.000908,0.04112116666666667,0.11611616666666667,-0.005541,5,0.005653666666666667,0.006875,0.5,0.10182145555555554
TRIX10,10日终极指标TRIX,momentum,动量类因子, MTR=收盘价的10日指数移动平均的10日指数移动平均的10日指数移动平均; TRIX=(MTR-1日前的MTR)/1日前的MTR*100,6,0.016004833333333333,0.008187,0.11389983333333335,0.08752283333333333,-0.000448,5,0.06622083333333334,0.067706,1.0,0.10163431944444444
debt_to_tangible_equity_ratio,有形净值债务率,quality,质量类因子, 负债合计/有形净值  其中有形净值=股东权益-无形资产净值，无形资产净值= 商誉+无形资产,6,0.004075166666666667,0.000349,0.05740783333333333,0.09308500000000001,0.009215,6,0.0058365000000000005,0.006736,0.6666666666666666,0.10094350833333335
PLRC6,6日收盘价格与日期线性回归系数,momentum,动量类因子, 计算 6 日收盘价格，与日期序号（1-6）的线性回归系数，(close / mean(close)) = beta * t + alpha,6,0.024668333333333334,0.013428,0.1788855,0.0654465,4.9e-05,6,0.2835366666666667,0.287627,1.0,0.10060633333333334
profit,盈利能力因子,style_pro,风险因子 - 新风格因子, 0.25 * asset_turnover + 0.25 * return_on_assets + 0.25 * gross_profitability_margin + 0.25 * gross_profitability,6,0.011278000000000002,0.002043,0.07258033333333334,0.07751983333333333,0.026207,6,0.0026345,0.003816,1.0,0.09994410833333334
OperateNetIncome,经营活动净收益,basics,基础科目及衍生类因子, 经营活动净收益/利润总额(%) * 利润总额,6,0.016570166666666667,0.013224,0.13381416666666665,0.0672575,0.018838,6,0.017766833333333332,0.020707,1.0,0.09950949166666666
equity_to_asset_ratio,股东权益比率,quality,质量类因子, 股东权益比率=股东权益/总资产,6,0.0031371666666666666,0.000336,0.044441666666666664,0.09318966666666667,0.022274,6,0.004739833333333333,0.005974,1.0,0.09922700833333332
debt_to_asset_ratio,债务总资产比,quality,质量类因子, 债务总资产比=负债合计/总资产,6,0.0031366666666666665,0.000337,0.044435,0.09282699999999999,0.02232,6,0.0047395,0.005951,1.0,0.09886335833333333
current_ratio,流动比率(单季度),quality,质量类因子, 流动比率=流动资产合计/流动负债合计,6,0.004652833333333333,0.000335,0.05847566666666667,0.08973783333333334,0.005486,6,0.006640833333333333,0.008143,0.6666666666666666,0.09871145833333334
cash_flow_to_price_ratio,现金流市值比,basics,基础科目及衍生类因子, 1 / pcf_ratio (ttm),6,0.004411,0.000359,0.08494833333333333,0.0896965,0.031255,6,0.017194666666666667,0.017741,0.8333333333333334,0.09765876666666666
PLRC24,24日收盘价格与日期线性回归系数,momentum,动量类因子, 计算 24 日收盘价格，与日期序号（1-24）的线性回归系数， (close / mean(close)) = beta * t + alpha,6,0.016313499999999998,0.009818,0.12046000000000001,0.06858583333333333,0.003346,6,0.07570266666666667,0.076161,1.0,0.0974277
BIAS20,20日乖离率,momentum,动量类因子, （收盘价-收盘价的N日简单平均）/ 收盘价的N日简单平均*100，在此n取20,6,0.029560666666666666,0.018203,0.20874650000000003,0.05822016666666666,-0.002107,5,0.20497533333333331,0.20787,1.0,0.09738937222222221
EBITDA,息税折旧摊销前利润,basics,基础科目及衍生类因子,  =营业收入－经营成本－营业税及附加,6,0.016235166666666665,0.010982,0.13776083333333333,0.06495766666666666,0.002291,6,0.0245065,0.026874,1.0,0.09620267499999999
MASS,梅斯线,momentum,动量类因子," MASS(N1=9, N2=25, M=6)",6,0.015417666666666668,0.007086,0.1448555,0.08335983333333334,-0.002746,5,0.08593066666666667,0.089511,1.0,0.09600532777777779
net_finance_cash_flow_ttm,筹资活动现金流量净额TTM,basics,基础科目及衍生类因子, 计算过去12个月 筹资活动现金流量净额 之和,6,0.005336166666666667,0.00173,0.07052366666666667,0.08483566666666666,0.003858,6,0.008883833333333334,0.009837,1.0,0.09506380833333333
sharpe_ratio_60,60日夏普比率,risk,风险类因子, （Rp - Rf） / Sigma p 其中，Rp是个股的年化收益率，Rf是无风险利率（在这里设置为0.04），Sigma p是个股的收益波动率（标准差）,6,0.014805666666666667,0.00746,0.10769166666666667,0.08507783333333334,-0.008687,5,0.11356699999999999,0.12088,1.0,0.09483117777777779
gross_income_ratio,销售毛利率,quality,质量类因子, 销售毛利率=(营业收入（TTM）-营业成本（TTM）)/营业收入（TTM）,6,0.006273666666666667,0.000638,0.07121133333333333,0.08251683333333333,0.004921,6,0.006519333333333333,0.008165,1.0,0.09473820000000001
operating_profit_growth_rate,营业利润增长率,quality,质量类因子, 营业利润增长率=(今年营业利润（TTM）/去年营业利润（TTM）)-1,6,0.006994666666666666,0.003761,0.0854235,0.0963815,-0.000387,5,0.012331333333333333,0.014584,1.0,0.09369068333333334
BBIC,BBI 动量,momentum,动量类因子," BBI(3, 6, 12, 24) / 收盘价 （BBI 为常用技术指标类因子“多空均线”）",6,0.03422166666666667,0.021884,0.23891033333333334,0.04800133333333334,-0.011217,5,0.3102515,0.314264,1.0,0.09293186944444445
cfo_to_ev,经营活动产生的现金流量净额与企业价值之比TTM,quality,质量类因子, 经营活动产生的现金流量净额TTM / 企业价值。其中，企业价值=司市值+负债合计-货币资金,6,0.013716333333333332,0.00915,0.14652183333333332,0.06542083333333333,0.006118,6,0.015756333333333334,0.016484,1.0,0.09206568333333333
VR,成交量比率（Volume Ratio）,emotion,情绪类因子, VR=（AVS+1/2CVS）/（BVS+1/2CVS）,6,0.016005666666666668,0.009181,0.1516715,0.06881883333333334,0.022326,6,0.17709933333333336,0.185157,1.0,0.09197520000000001
MFI14,资金流量指标,technical,技术指标因子, ①求得典型价格（当日最高价，最低价和收盘价的均值）②根据典型价格高低判定正负向资金流（资金流=典型价格*成交量）③计算MR= 正向/负向 ④MFI=100-100/（1+MR）,6,0.016862666666666668,0.008137,0.15275799999999998,0.06693966666666666,0.015637,6,0.19998833333333332,0.20915,1.0,0.09066558333333334
financial_expense_rate,财务费用与营业总收入之比,quality,质量类因子,  = 财务费用（TTM） / 营业总收入（TTM）,6,0.004497833333333334,0.000431,0.065458,0.08162733333333333,0.004766,6,0.0070415,0.009397,0.5,0.090270925
earnyild,收益因子,style_pro,风险因子 - 新风格因子, 0.10 * cash_earnings_to_price + 0.20 * enterprise_multiple + 0.50 * analyst_predicted_earnings_to_price + 0.20 * earnings_to_price,6,0.024687,0.020921,0.10818683333333334,0.0500035,-0.01818,5,0.016131833333333335,0.018095,1.0,0.09023699166666668
net_non_operating_income_to_total_profit,营业外收支利润净额/利润总额,quality,质量类因子, 营业外收支利润净额/利润总额,6,0.0029476666666666666,0.000645,0.055078999999999996,0.08485933333333333,0.007026,6,0.011486333333333333,0.012606,0.8333333333333334,0.09018034999999999
PSY,心理线指标,emotion,情绪类因子, n日内连续上涨的天数/n *100。 本因子的计算窗口为12日。,6,0.014989,0.00943,0.15566883333333334,0.07189783333333333,0.013141,6,0.24164166666666667,0.252377,1.0,0.08979375
Rank1M,1减去 过去一个月收益率排名与股票总数的比值,momentum,动量类因子, 1-(Rank(个股20日收益) / 股票总数),6,0.024143833333333333,0.014938,0.17434933333333333,0.049752,0.006006,6,0.17917683333333334,0.183741,1.0,0.089080825
accounts_payable_turnover_days,应付账款周转天数,quality,质量类因子, 应付账款周转天数 = 360 / 应付账款周转率,6,0.007418333333333333,0.002687,0.08657316666666666,0.0744335,0.005047,6,0.0071215,0.009139,1.0,0.08891409166666667
total_asset_turnover_rate,总资产周转率,quality,质量类因子, 总资产周转率=营业收入(ttm)/总资产,6,0.005264499999999999,0.000778,0.07136366666666667,0.09345966666666666,-0.001467,5,0.005607,0.006734,1.0,0.08813170555555555
DAVOL10,10日平均换手率与120日平均换手率之比,emotion,情绪类因子, 10日平均换手率 / 120日平均换手率,6,0.022703,0.015188,0.22309900000000002,0.056367499999999994,-0.001146,5,0.08561083333333334,0.090838,1.0,0.088098375
long_term_debt_to_asset_ratio,长期负债与资产总计之比,quality,质量类因子, 长期负债与资产总计之比=非流动负债合计/总资产,6,0.0024753333333333333,0.000599,0.03488083333333333,0.08234716666666665,0.037436,6,0.006112666666666666,0.007904,0.8333333333333334,0.08699219999999999
non_current_asset_ratio,非流动资产比率,quality,质量类因子, 非流动资产比率=非流动资产合计/总资产,6,0.0045709999999999995,0.002544,0.053905,0.09362616666666668,-0.003207,5,0.005555166666666667,0.006649,0.6666666666666666,0.08688604722222222
VDIFF,计算VMACD因子的中间变量,emotion,情绪类因子, EMA(VOLUME，SHORT)-EMA(VOLUME，LONG) short设置为12，long设置为26，M设置为9,6,0.021318,0.012702,0.2367715,0.05132983333333333,0.016388,6,0.14365166666666665,0.156656,1.0,0.08678325
ROC12,12日变动速率（Price Rate of Change）,momentum,动量类因子, ①AX=今天的收盘价—12天前的收盘价 ②BX=12天前的收盘价 ③ROC=AX/BX*100,6,0.02569,0.015329,0.19213816666666664,0.04594466666666667,0.00301,6,0.22300566666666666,0.227215,1.0,0.08617438333333334
TRIX5,5日终极指标TRIX,momentum,动量类因子, MTR=收盘价的5日指数移动平均的10日指数移动平均的5日指数移动平均; TRIX=(MTR-1日前的MTR)/1日前的MTR*100,6,0.022547333333333336,0.013574,0.1616805,0.05714933333333333,-0.007043,5,0.13111216666666667,0.132278,1.0,0.08616350277777778
net_operate_cashflow_growth_rate,经营活动产生的现金流量净额增长率,growth,成长类因子, =(今年经营活动产生的现金流量净额（TTM）/去年经营活动产生的现金流量净额（TTM）)-1,6,0.003976833333333333,6.9e-05,0.07089133333333333,0.07875416666666667,0.024497,6,0.013310666666666667,0.014192,1.0,0.0860423
ROC6,6日变动速率（Price Rate of Change）,momentum,动量类因子, ①AX=今天的收盘价—6天前的收盘价 ②BX=6天前的收盘价 ③ROC=AX/BX*100,6,0.027017,0.015528,0.19816233333333333,0.056550666666666666,-0.001539,5,0.311878,0.314376,1.0,0.08556565555555556
net_operate_cash_flow_to_asset,总资产现金回收率,quality,质量类因子, 经营活动产生的现金流量净额(ttm) / 总资产,6,0.006949833333333333,0.002341,0.08920433333333333,0.07210433333333334,0.017168,6,0.010909333333333333,0.012716,1.0,0.08545853333333335
MAC120,120日移动均线,technical,技术指标因子, 120日移动均线 / 今日收盘价,6,0.015426333333333334,0.00496,0.10444350000000001,0.06990616666666667,-0.008831,5,0.09039799999999999,0.100201,1.0,0.08458790555555556
admin_expense_rate,管理费用与营业总收入之比,quality,质量类因子, 管理费用与营业总收入之比=管理费用（TTM）/营业总收入（TTM）,6,0.004725833333333333,0.001921,0.06910116666666666,0.075326,0.021527,6,0.005761833333333333,0.007312,0.6666666666666666,0.084489575
cash_rate_of_sales,经营活动产生的现金流量净额与营业收入之比,quality,质量类因子, 经营活动产生的现金流量净额（TTM） / 营业收入（TTM）,6,0.005583333333333333,0.003108,0.08459683333333334,0.07340116666666667,0.012184,6,0.009642166666666667,0.010347,1.0,0.08408572500000001
financial_expense_ttm,财务费用TTM,basics,基础科目及衍生类因子, 计算过去12个月 财务费用 之和,6,0.004181666666666667,0.001069,0.052361500000000005,0.0753365,0.001067,6,0.006529833333333333,0.006967,0.6666666666666666,0.08337334166666667
single_day_VPT_12,单日价量趋势12均值,momentum,动量类因子," MA(single_day_VPT, 12)",6,0.023780333333333334,0.015917,0.21667316666666667,0.045482333333333326,0.004986,6,0.19586233333333333,0.199648,1.0,0.08324988333333332
cashflow_per_share_ttm,每股现金流量净额，根据当时日期来获取最近变更日的总股本,pershare,每股指标因子, 现金流量净额（TTM）除以总股本,6,0.004340166666666667,0.002728,0.07092616666666667,0.07469716666666666,0.008196,6,0.013676833333333333,0.015228,0.8333333333333334,0.08269365833333332
predicted_earnings_to_price_ratio,预期市盈率,style,风险因子 - 风格因子, 分析师对未来一年预期盈利加权平均值 除以 当前股票市值,6,0.024878166666666663,0.017966,0.10766733333333334,0.03965366666666666,-0.010841,5,0.0177425,0.020643,1.0,0.08191393055555554
total_operating_revenue_ttm,营业总收入TTM,basics,基础科目及衍生类因子, 计算过去12个月的 营业总收入 之和,6,0.011708499999999998,0.007033,0.102647,0.05835283333333333,0.002751,6,0.010114,0.011627,1.0,0.08126413333333334
super_quick_ratio,超速动比率,quality,质量类因子, （货币资金+交易性金融资产+应收票据+应收帐款+其他应收款）／流动负债合计,6,0.004268333333333333,0.000877,0.05746383333333333,0.07295533333333333,0.016029,6,0.007859833333333333,0.008576,0.6666666666666666,0.08109900833333333
PLRC12,12日收盘价格与日期线性回归系数,momentum,动量类因子, 计算 12 日收盘价格，与日期序号（1-12）的线性回归系数，(close / mean(close)) = beta * t + alpha,6,0.020660833333333333,0.013028,0.15146233333333334,0.056292166666666664,-0.01076,5,0.14720733333333333,0.149683,1.0,0.0808714388888889
WVAD,威廉变异离散量,emotion,情绪类因子, (收盘价－开盘价)/(最高价－最低价)×成交量，再做加和，使用过去6个交易日的数据,6,0.017938833333333334,0.009461,0.16785016666666666,0.0602915,0.000856,6,0.31016,0.314017,1.0,0.08066116666666667
midcap,中等市值因子,style_pro,风险因子 - 新风格因子, 1.00 * cube_of_size_exposure,6,0.009890000000000001,0.002797,0.056857333333333336,0.08148533333333334,-0.005584,5,0.14149616666666667,0.279355,0.5,0.08060963611111112
debt_to_equity_ratio,产权比率,quality,质量类因子, 产权比率=负债合计/归属母公司所有者权益合计,6,0.0038098333333333335,0.001147,0.052561,0.07296316666666666,0.017722,6,0.0052864999999999995,0.006527,0.8333333333333334,0.08031850833333333
operating_cost_to_operating_revenue_ratio,销售成本率,quality,质量类因子, 销售成本率=营业成本（TTM）/营业收入（TTM）,6,0.0038325000000000004,3.5e-05,0.047090999999999994,0.0722135,0.007306,6,0.0055445,0.00774,0.8333333333333334,0.079601275
capital_reserve_fund_per_share,每股资本公积金,pershare,每股指标因子, 每股资本公积金,6,0.005867333333333333,0.001175,0.07090983333333334,0.06741633333333333,0.002103,6,0.005302833333333333,0.006574,0.8333333333333334,0.07888585833333334
natural_log_of_market_cap,对数总市值,style,风险因子 - 风格因子, 对数总市值=总市值的对数,6,0.010731,0.00335,0.059409333333333335,0.06915183333333334,-0.008667,5,0.022221833333333333,0.029474,0.5,0.07797743611111113
eps_ttm,每股收益TTM,pershare,每股指标因子, 过去12个月归属母公司所有者的净利润（TTM）除以总股本,6,0.007656,0.00243,0.07449166666666666,0.0629225,0.00691,6,0.008754166666666667,0.012935,0.8333333333333334,0.07779679166666668
single_day_VPT_6,单日价量趋势6日均值,momentum,动量类因子," MA(single_day_VPT, 6)",6,0.02417,0.017471,0.20778216666666668,0.05147833333333333,-0.001544,5,0.2851078333333333,0.288381,1.0,0.07698321944444445
VDEA,计算VMACD因子的中间变量,emotion,情绪类因子, EMA(VDIFF，M)    short设置为12，long设置为26，M设置为9,6,0.016921666666666668,0.009474,0.1899023333333333,0.04690333333333333,0.00459,6,0.080217,0.087937,1.0,0.07673581666666666
operating_revenue_per_share_ttm,每股营业收入TTM,pershare,每股指标因子, 营业收入（TTM）除以总股本,6,0.004095333333333334,0.001192,0.05513716666666666,0.08200666666666667,-0.002201,5,0.006761666666666667,0.008854,0.6666666666666666,0.07619147222222222
net_operate_cash_flow_to_net_debt,经营活动产生现金流量净额/净债务,quality,质量类因子, 经营活动产生现金流量净额/净债务,6,0.004440833333333333,0.003101,0.079066,0.0817025,-0.001906,5,0.015562833333333333,0.016527,1.0,0.07618894166666666
equity_turnover_rate,股东权益周转率,quality,质量类因子, 股东权益周转率=营业收入(ttm)/股东权益,6,0.004079999999999999,0.002286,0.053504833333333335,0.0817925,-0.002967,5,0.0054605,0.006319,0.6666666666666666,0.07604739166666667
market_size,市值规模因子,style_pro,风险因子 - 新风格因子, 1.00 * log_of_market_capitalization,6,0.009969333333333334,0.002797,0.057258833333333335,0.0754805,-0.009425,5,0.14164633333333332,0.280763,0.5,0.07575676666666667
cube_of_size,市值立方因子,style,风险因子 - 风格因子, 标准化市值因子的三次方，之后将结果和标准化市值因子回归取残差（去除和市值因子的共线性），然后残差值进行缩尾处理（将3倍标准差之外的点处理成3倍标准差）和标准化,6,0.009850333333333334,0.002776,0.05657366666666667,0.0756945,-0.00412,5,0.1420955,0.28036,0.5,0.07567464166666668
debt_to_assets,资产负债率,style,风险因子 - 风格因子, 总负债账面价值 / 总资产账面价值,6,0.010763333333333333,0.003169,0.074657,0.054003166666666665,0.010337,6,0.0020593333333333336,0.002637,1.0,0.07542686666666666
total_operating_revenue_per_share_ttm,每股营业总收入TTM,pershare,每股指标因子, 营业总收入（TTM）除以总股本,6,0.003967666666666667,0.001072,0.05355766666666667,0.0805165,-0.003273,5,0.0066205000000000005,0.008815,0.6666666666666666,0.07470139166666667
surplus_reserve_fund_per_share,每股盈余公积金,pershare,每股指标因子, 每股盈余公积金,6,0.007647833333333333,0.000244,0.09247100000000001,0.05968766666666667,0.000288,6,0.0069255,0.007673,1.0,0.07463705833333334
circulating_market_cap,流通市值,basics,基础科目及衍生类因子, 流通市值,6,0.0046975,0.000172,0.042889000000000004,0.06567566666666667,0.014724,6,0.018978333333333333,0.028333,0.8333333333333334,0.07412175000000001
Skewness60,个股收益的60日偏度,risk,风险类因子, 取61个交易日的收盘价数据，计算日收益率，再计算其偏度,6,0.015468666666666665,0.010714,0.17849633333333334,0.055522666666666665,-0.00684,5,0.06762649999999999,0.070886,1.0,0.07382489722222221
VMACD,成交量指数平滑异同移动平均线,emotion,情绪类因子," 快的指数移动平均线（EMA12）减去慢的指数移动平均线（EMA26）得到快线DIFF, 由DIFF的M日移动平均得到DEA，由DIFF-DEA的值得到MACD",6,0.014233833333333334,0.009566,0.16094166666666668,0.06819299999999999,-0.002995,5,0.23410816666666667,0.25162,1.0,0.07358975833333334
interest_carry_current_liability,带息流动负债,basics,基础科目及衍生类因子, 流动负债合计 - 无息流动负债,6,0.008902833333333334,0.004922,0.09361683333333333,0.054895,0.003156,6,0.009644333333333333,0.010676,1.0,0.07221845
np_parent_company_owners_ttm,归属于母公司股东的净利润TTM,basics,基础科目及衍生类因子, 计算过去12个月 归属于母公司股东的净利润 之和,6,0.016706166666666664,0.010846,0.130205,0.03931183333333333,0.004908,6,0.0126785,0.01605,1.0,0.07209024166666667
SGI,营业收入指数,quality,质量类因子, 本期(年报)营业收入/上期(年报)营业收入,6,0.0055755,0.000177,0.060465333333333336,0.07363916666666667,-0.001722,5,0.009882166666666666,0.011403,0.5,0.07202286388888889
ATR14,14日均幅指标,emotion,情绪类因子, 真实振幅的14日移动平均,6,0.008932666666666667,0.002698,0.08941566666666667,0.055333,0.00097,6,0.02806133333333333,0.035455,1.0,0.07179526666666668
net_operate_cash_flow_to_operate_income,经营活动产生的现金流量净额与经营活动净收益之比,quality,质量类因子, 经营活动产生的现金流量净额（TTM）/(营业总收入（TTM）-营业总成本（TTM）,6,0.005660999999999999,0.003231,0.09932583333333334,0.060464,0.001089,6,0.009770166666666667,0.010335,1.0,0.07129749166666666
fixed_assets_turnover_rate,固定资产周转率,quality,质量类因子, 等于过去12个月的营业收入/过去12个月的平均（固定资产+工程物资+在建工程）,6,0.002728666666666667,0.000298,0.039798,0.06588066666666666,0.026609,6,0.0049243333333333335,0.006581,0.8333333333333334,0.07109178333333332
net_operate_cash_flow_to_total_current_liability,现金流动负债比,quality,质量类因子, 现金流动负债比=经营活动产生的现金流量净额（TTM）/流动负债合计,6,0.005936833333333333,0.002642,0.07902116666666667,0.05933083333333333,0.009418,6,0.009118666666666667,0.010847,1.0,0.07074856666666667
VSTD10,10日成交量标准差,emotion,情绪类因子, 10日成交量去标准差,6,0.015955166666666666,0.003952,0.20252366666666666,0.041848666666666666,0.011359,6,0.071734,0.0816,1.0,0.07017229999999999
net_profit_ttm,净利润TTM,basics,基础科目及衍生类因子, 计算过去12个月 净利润 之和,6,0.0163145,0.01063,0.12840216666666668,0.037956500000000004,0.007028,6,0.0131455,0.015815,1.0,0.069928225
operating_revenue_ttm,营业收入TTM,basics,基础科目及衍生类因子, 计算过去12个月的 营业收入 之和,6,0.012082333333333334,0.007103,0.10539266666666668,0.05538866666666667,-0.003927,5,0.010489,0.0118,1.0,0.06979743888888888
DEGM,毛利率增长,quality,质量类因子, 毛利率增长=(今年毛利率（TTM）/去年毛利率（TTM）)-1,6,0.00709,0.00349,0.10123,0.0557995,0.006833,6,0.0114335,0.011986,1.0,0.069407825
retained_earnings,留存收益,basics,基础科目及衍生类因子, =盈余公积金+未分配利润,6,0.015322,0.006634,0.12008400000000001,0.04688883333333333,-0.001443,5,0.009862666666666667,0.012627,1.0,0.06922489444444443
operating_cost_ttm,营业成本TTM,basics,基础科目及衍生类因子, 计算过去12个月的 营业成本 之和,6,0.011409833333333334,0.006357,0.110889,0.04659716666666666,0.018959,6,0.007296833333333333,0.009106,1.0,0.06905199166666666
VSTD20,20日成交量标准差,emotion,情绪类因子, 20日成交量去标准差,6,0.013359500000000002,0.002286,0.16796983333333335,0.044179666666666666,0.009825,6,0.039575,0.045528,1.0,0.06891991666666666
arron_up_25,Aroon指标上轨,momentum,动量类因子, Aroon(上升)=[(计算期天数-最高价后的天数)/计算期天数]*100,6,0.013799500000000001,0.008319,0.13006116666666667,0.05873366666666666,-0.001754,5,0.1878213333333333,0.195579,1.0,0.06715265555555555
VEMA5,成交量的5日指数移动平均,emotion,情绪类因子,,6,0.013830333333333333,0.002689,0.17356966666666665,0.0420925,0.015404,6,0.05289833333333333,0.062215,1.0,0.06710825000000001
goods_sale_and_service_render_cash_ttm,销售商品提供劳务收到的现金,basics,基础科目及衍生类因子, 计算过去12个月 销售商品提供劳务收到的现金 之和,6,0.011925999999999999,0.007876,0.10726733333333333,0.05112983333333334,-0.005634,5,0.0100905,0.011494,1.0,0.06595566944444445
total_profit_to_cost_ratio,成本费用利润率,quality,质量类因子, 成本费用利润率=利润总额/(营业成本+财务费用+销售费用+管理费用)，以上科目使用的都是TTM的数值,6,0.004357666666666667,0.001066,0.050714333333333333,0.056945166666666665,0.001044,6,0.008569,0.011725,0.8333333333333334,0.06523205
Skewness20,个股收益的20日偏度,risk,风险类因子, 取21个交易日的收盘价数据，计算日收益率，再计算其偏度,6,0.011549499999999999,0.006745,0.14926383333333335,0.0587595,-0.002527,5,0.15188416666666668,0.155931,1.0,0.06447104166666666
market_cap,市值,basics,基础科目及衍生类因子, 市值,6,0.003374666666666667,3.7e-05,0.028203166666666668,0.069798,-0.004358,5,0.019144666666666667,0.031208,0.5,0.0639571
VEMA10,成交量的10日指数移动平均,emotion,情绪类因子,,6,0.011822166666666667,0.001424,0.14867033333333332,0.04190683333333333,0.012956,6,0.03236233333333333,0.038354,1.0,0.06393304999999999
net_working_capital,净运营资本,basics,基础科目及衍生类因子, 流动资产 － 流动负债,6,0.0088505,0.002049,0.13201883333333334,0.0559025,-0.001585,5,0.0076225,0.008709,1.0,0.06390529166666667
operating_profit_ttm,营业利润TTM,basics,基础科目及衍生类因子, 计算过去12个月 营业利润 之和,6,0.015913666666666666,0.010661,0.12391233333333333,0.03265783333333333,0.002624,6,0.013305333333333334,0.015439,1.0,0.0638199
ATR6,6日均幅指标,emotion,情绪类因子, 真实振幅的6日移动平均,6,0.011702333333333334,0.004734,0.117988,0.04280083333333334,0.008966,6,0.0479375,0.058031,1.0,0.063808625
LVGI,财务杠杆指数,quality,质量类因子, 本期(年报)资产负债率/上期(年报)资产负债率,6,0.0020135,8.1e-05,0.03415033333333333,0.059267999999999994,0.007622,6,0.006981,0.007403,0.6666666666666666,0.06294594999999999
boll_up,上轨线（布林线）指标,technical,技术指标因子," (MA(CLOSE,M)+2*STD(CLOSE,M)) / 今日收盘价; M=20",6,0.0103175,0.000336,0.0724255,0.06352716666666668,-0.003805,5,0.2153056666666667,0.228558,0.8333333333333334,0.06280902222222223
total_operating_cost_ttm,营业总成本TTM,basics,基础科目及衍生类因子, 计算过去12个月的 营业总成本 之和,6,0.010746666666666667,0.006089,0.09802033333333333,0.04146116666666667,0.00053,6,0.009415833333333333,0.010275,1.0,0.06248370833333333
long_debt_to_asset_ratio,长期借款与资产总计之比,quality,质量类因子, 长期借款与资产总计之比=长期借款/总资产,6,0.0050251666666666665,0.001198,0.07176416666666667,0.06309616666666666,-0.003913,5,0.006506833333333333,0.008753,1.0,0.06230513055555555
MAWVAD,因子WVAD的6日均值,emotion,情绪类因子,,6,0.011576166666666665,0.00627,0.11184316666666667,0.04710466666666666,0.01848,6,0.160961,0.166237,1.0,0.062208949999999985
financial_liability,金融负债,basics,基础科目及衍生类因子, (流动负债合计-无息流动负债)+(有息非流动负债)=(流动负债合计-应付账款-预收款项-应付职工薪酬-应交税费-其他应付款-一年内的递延收益-其它流动负债)+(长期借款+应付债券),6,0.009335333333333333,0.003229,0.0895205,0.04357716666666667,0.008985,6,0.007903166666666668,0.009292,1.0,0.061852675
financial_assets,金融资产,basics,基础科目及衍生类因子, 货币资金 + 交易性金融资产 + 应收票据 + 应收利息 + 应收股利 + 可供出售金融资产 + 持有至到期投资,6,0.011081500000000001,0.004815,0.11097366666666665,0.04790716666666667,-0.005698,5,0.011288333333333333,0.012674,1.0,0.06152122222222223
leverage,杠杆因子,style,风险因子 - 风格因子, 0.38 * 市场杠杆 + 0.35 * 资产负债率 + 0.27 * 账面杠杆,6,0.012959333333333335,0.005819,0.07986066666666666,0.041625,-0.007983,5,0.0023643333333333333,0.003019,1.0,0.060487950000000006
VEMA26,成交量的26日指数移动平均,emotion,情绪类因子,,6,0.009014,0.000429,0.11444866666666666,0.0431525,0.016305,6,0.017417833333333334,0.020438,0.8333333333333334,0.060309608333333334
goods_service_cash_to_operating_revenue_ttm,销售商品提供劳务收到的现金与营业收入之比,quality,质量类因子, 销售商品提供劳务收到的现金与营业收入之比=销售商品和提供劳务收到的现金（TTM）/营业收入（TTM）,6,0.004435833333333333,0.002053,0.05811416666666667,0.05174116666666667,0.014021,6,0.0088655,0.009426,0.8333333333333334,0.06016955833333334
SGAI,销售管理费用指数,quality,质量类因子, 本期(年报)销售管理费用占营业收入的比例/上期(年报)销售管理费用占营业收入的比例,6,0.001671,0.000169,0.026911166666666667,0.05680983333333333,0.014919,6,0.009069500000000001,0.010611,0.5,0.059698358333333326
accounts_payable_turnover_rate,应付账款周转率,quality,质量类因子,"TTM(营业成本,0)/（AvgQ(应付账款,4,0) + AvgQ(应付票据,4,0) + AvgQ(预付款项,4,0) ）",6,0.007688833333333333,0.004207,0.08818383333333334,0.052254,-0.007025,5,0.0067325,0.007771,1.0,0.058586041666666665
account_receivable_turnover_rate,应收账款周转率,quality,质量类因子,"即，TTM(营业收入,0)/（AvgQ(应收账款,4,0) + AvgQ(应收票据,4,0) + AvgQ(预收账款,4,0) ）",6,0.004479,0.000428,0.043975999999999994,0.059573999999999995,-0.002225,5,0.008089833333333333,0.011377,0.5,0.05819850833333333
retained_profit_per_share,每股未分配利润,pershare,每股指标因子, 每股未分配利润,6,0.006638833333333333,0.000183,0.0754115,0.05330466666666667,-0.001575,5,0.005966333333333333,0.007894,0.6666666666666666,0.057399905555555554
VEMA12,12日成交量的移动平均值,emotion,情绪类因子,,6,0.011225666666666667,0.001004,0.14129516666666667,0.03555016666666667,0.011685,6,0.028659833333333332,0.034004,1.0,0.05656850833333333
interest_free_current_liability,无息流动负债,basics,基础科目及衍生类因子, 应付票据+应付账款+预收账款(用 预售款项 代替)+应交税费+应付利息+其他应付款+其他流动负债,6,0.008835833333333333,0.003169,0.09110700000000001,0.0385495,0.024045,6,0.009966166666666667,0.012105,1.0,0.05572285833333333
total_profit_ttm,利润总额TTM,basics,基础科目及衍生类因子, 计算过去12个月 利润总额 之和,6,0.015985,0.010515,0.1242575,0.028876000000000002,-0.004413,5,0.0140135,0.015927,1.0,0.05533265833333334
net_operating_cash_flow_coverage,净利润现金含量,quality,质量类因子, 经营活动产生的现金流量净额/归属于母公司所有者的净利润,6,0.002062333333333333,0.000471,0.03774516666666666,0.05155733333333334,0.00428,6,0.017711833333333333,0.018957,1.0,0.05479640833333334
ACCA,现金流资产比和资产回报率之差,quality,质量类因子," 现金流资产比-资产回报率,其中现金流资产比=经营活动产生的现金流量净额/总资产",6,0.002827333333333333,0.001461,0.045046499999999996,0.049959833333333335,0.005414,6,0.0210085,0.021882,0.8333333333333334,0.054564075000000004
gross_profit_ttm,毛利TTM,basics,基础科目及衍生类因子, 计算过去12个月毛利之和,6,0.010913333333333332,0.006102,0.1032645,0.0400155,-0.004646,5,0.012204833333333333,0.01368,1.0,0.054562675000000005
market_leverage,市场杠杆,style,风险因子 - 风格因子, (普通股市值 + 优先股账面价值(中国股票为0) + 长期负债账面价值) / 普通股市值，长期负债账面价值=长期借款+应付债券,6,0.011349333333333335,0.005052,0.06736883333333334,0.038100666666666665,-0.006589,5,0.003308666666666667,0.004233,1.0,0.054283788888888886
financial_leverage,财务杠杆因子,style_pro,风险因子 - 新风格因子, 0.40 * debt_to_asset + 0.30 * book_lev + 0.30 * market_lev,6,0.009116666666666667,0.005066,0.06668816666666666,0.04207933333333333,-0.001198,5,0.0030765,0.003682,1.0,0.05314561944444444
non_recurring_gain_loss,非经常性损益,basics,基础科目及衍生类因子, 净利润-扣除非经常损益后的净利润(元),6,0.0075135,0.004096,0.12748233333333334,0.038753666666666665,0.00316,6,0.019968,0.021689,1.0,0.05278226666666666
OperatingCycle,营业周期,quality,质量类因子, 应收账款周转天数+存货周转天数,6,0.005269,0.000779,0.051130499999999995,0.050806500000000004,-0.00142,5,0.006673333333333333,0.009458,0.8333333333333334,0.05254308333333333
net_interest_expense,净利息费用,basics,基础科目及衍生类因子, 利息支出-利息收入,6,0.018081,0.014302,0.06018166666666667,0.019919500000000003,-0.011576,5,0.013524166666666665,0.036159,1.0,0.052085375
net_operate_cash_flow_to_total_liability,经营活动产生的现金流量净额/负债合计,quality,质量类因子, 经营活动产生的现金流量净额/负债合计,6,0.005666833333333334,0.003999,0.08433483333333334,0.04787416666666666,-0.000481,5,0.0183965,0.019645,1.0,0.05030898055555555
value_change_profit_ttm,价值变动净收益TTM,basics,基础科目及衍生类因子, 计算过去12个月 价值变动净收益 之和,6,0.0100455,0.006381,0.1192245,0.029948166666666665,0.000428,6,0.011059666666666667,0.013846,1.0,0.04948618333333333
operating_assets,经营性资产,basics,基础科目及衍生类因子, 总资产 - 金融资产,6,0.012480999999999999,0.003074,0.09901916666666666,0.024857333333333332,0.002042,6,0.009750333333333333,0.011647,1.0,0.04933181666666666
net_asset_per_share,每股净资产,pershare,每股指标因子, 归属母公司所有者权益合计除以总股本,6,0.006085333333333334,0.001153,0.07732083333333332,0.044623,-0.00186,5,0.006444000000000001,0.007704,0.5,0.0490343
net_operate_cash_flow_per_share,每股经营活动产生的现金流量净额,pershare,每股指标因子, 每股经营活动产生的现金流量净额,6,0.004514,5.3e-05,0.06515066666666666,0.039822333333333335,0.01365,6,0.019079166666666664,0.020111,0.8333333333333334,0.047896375000000005
Kurtosis120,个股收益的120日峰度,risk,风险类因子, 取121个交易日的收盘价数据，计算日收益率，再计算其峰度值,6,0.002148,0.000774,0.026535166666666665,0.04513683333333333,0.00223,6,0.0402095,0.043868,0.5,0.04742235833333333
DSRI,应收账款指数,quality,质量类因子, 本期(年报)应收账款占营业收入比例/上期(年报)应收账款占营业收入比例,6,0.003193,0.000349,0.055513,0.040737833333333334,0.017016,6,0.008625333333333334,0.009594,0.5,0.04669256666666667
roe_ttm_8y,长期权益回报率TTM,quality,质量类因子, 8年(1+roe_ttm)的累乘 ^ (1/8) - 1  # 至少要有近4年的数据，否则为 nan,6,0.0038583333333333334,0.000626,0.03881283333333333,0.04680433333333333,-0.008042,5,0.006350166666666667,0.007535,0.6666666666666666,0.04640276944444444
net_debt,净债务,basics,基础科目及衍生类因子, 总债务-期末现金及现金等价物余额,6,0.008651333333333334,0.000347,0.08244183333333334,0.033891,-0.002134,5,0.007584666666666667,0.008642,1.0,0.04516593333333333
retained_earnings_per_share,每股留存收益,pershare,每股指标因子, 每股留存收益,6,0.006996,0.001752,0.0785245,0.03645433333333333,-0.00187,5,0.0071200000000000005,0.008263,0.6666666666666666,0.04401461111111111
operating_profit_to_total_profit,经营活动净收益/利润总额,quality,质量类因子, 经营活动净收益/利润总额,6,0.0013663333333333333,0.000437,0.024772333333333337,0.041818,0.009567,6,0.0163345,0.017469,0.6666666666666666,0.04373394166666667
inventory_turnover_days,存货周转天数,quality,质量类因子, 存货周转天数=360/存货周转率,6,0.003565333333333333,0.000762,0.04069783333333333,0.0341685,0.002071,6,0.0050895,0.006723,1.0,0.04104469166666667
sales_to_price_ratio,营收市值比,basics,基础科目及衍生类因子, 1 / ps_ratio (ttm),6,0.012153166666666666,0.007759,0.10731366666666665,0.017243333333333333,4.4e-05,6,0.0145065,0.016285,1.0,0.040824341666666666
fixed_asset_ratio,固定资产比率,quality,质量类因子, 固定资产比率=(固定资产+工程物资+在建工程)/总资产,6,0.004889,0.002298,0.059139833333333336,0.03726116666666667,-0.000407,5,0.00426,0.005764,1.0,0.04061597222222223
net_invest_cash_flow_ttm,投资活动现金流量净额TTM,basics,基础科目及衍生类因子, 计算过去12个月 投资活动现金流量净额 之和,6,0.005268666666666667,0.001586,0.06884083333333334,0.03539133333333333,-0.000401,5,0.011770333333333334,0.01314,1.0,0.03944159444444444
quality_v2,质量因子,,,,6,0.0043419999999999995,0.002178,0.034716333333333335,0.03728533333333333,-0.000762,5,0.02446,0.027608,0.8333333333333334,0.03853211111111111
long_debt_to_working_capital_ratio,长期负债与营运资金比率,quality,质量类因子, 长期负债与营运资金比率=非流动负债合计/(流动资产合计-流动负债合计),6,0.004106833333333334,0.000168,0.0659965,0.036702,-0.002397,5,0.007457999999999999,0.009349,1.0,0.038425766666666666
operating_liability,经营性负债,basics,基础科目及衍生类因子, 总负债 - 金融负债,6,0.009555666666666665,0.003311,0.08516699999999999,0.019619666666666667,0.005447,6,0.009647166666666667,0.011539,1.0,0.038248641666666666
cash_and_equivalents_per_share,每股现金及现金等价物余额,pershare,每股指标因子, 每股现金及现金等价物余额,6,0.0037700000000000003,0.001007,0.05602616666666666,0.03739016666666667,-0.001257,5,0.010279333333333333,0.013793,0.6666666666666666,0.03818450555555556
net_profit_ratio,销售净利率,quality,质量类因子, 售净利率=净利润（TTM）/营业收入（TTM）,6,0.0048005,0.000918,0.059180666666666666,0.028565499999999997,0.017767,6,0.007941166666666668,0.011347,1.0,0.03776944166666667
adjusted_profit_to_total_profit,扣除非经常损益后的净利润/净利润,quality,质量类因子, 扣除非经常损益后的净利润/净利润,6,0.0029521666666666667,9.7e-05,0.04869083333333333,0.031562,0.005961,6,0.015713833333333333,0.016885,1.0,0.036680641666666666
administration_expense_ttm,管理费用TTM,basics,基础科目及衍生类因子, 计算过去12个月 管理费用 之和,6,0.0104585,0.005215,0.10311633333333332,0.019363500000000002,-0.002219,5,0.009250166666666667,0.010633,1.0,0.03659074166666667
asset_impairment_loss_ttm,资产减值损失TTM,basics,基础科目及衍生类因子, 计算过去12个月 资产减值损失 之和,6,0.003049833333333333,0.00066,0.04611733333333334,0.03701483333333334,-0.003827,5,0.010764500000000001,0.011888,0.8333333333333334,0.03640713611111111
non_operating_net_profit_ttm,营业外收支净额TTM,basics,基础科目及衍生类因子, 营业外收入（TTM） - 营业外支出（TTM）,6,0.0022103333333333332,0.000677,0.04139933333333334,0.032036833333333334,0.008909,6,0.007728166666666667,0.008452,1.0,0.03607109166666667
roa_ttm_8y,长期资产回报率TTM,quality,质量类因子, 8年(1+roa_ttm)的乘积 ^ (1/8) - 1  # 至少要有近4年的数据，否则为 nan,6,0.004092833333333333,0.001827,0.043181166666666666,0.027509000000000002,0.01028,6,0.005608166666666667,0.007173,0.5,0.03541425833333333
invest_income_associates_to_total_profit,对联营和合营公司投资收益/利润总额,quality,质量类因子, 对联营和营公司投资收益/利润总额,6,0.0030779999999999996,0.000477,0.0565735,0.0288545,0.004472,6,0.016061833333333334,0.018734,1.0,0.034207408333333335
net_profit_to_total_operate_revenue_ttm,净利润与营业总收入之比,quality,质量类因子, 净利润与营业总收入之比=净利润（TTM）/营业总收入（TTM）,6,0.0052320000000000005,0.001074,0.06333166666666666,0.02286516666666667,0.005087,6,0.007751500000000001,0.011291,1.0,0.03294159166666667
current_asset_turnover_rate,流动资产周转率TTM,quality,质量类因子, 过去12个月的营业收入/过去12个月的平均流动资产合计,6,0.006294500000000001,0.001123,0.0707515,0.02325416666666667,-0.002504,5,0.005916833333333333,0.006635,1.0,0.03167163055555556
Kurtosis20,个股收益的20日峰度,risk,风险类因子, 取21个交易日的收盘价数据，计算日收益率，再计算其峰度值,6,0.003061666666666667,0.000178,0.05060933333333334,0.03178716666666667,0.000694,6,0.17232316666666667,0.174348,0.8333333333333334,0.029294341666666675
profit_margin_ttm,销售利润率TTM,quality,质量类因子, 营业利润/营业收入,6,0.004833333333333333,0.001145,0.0600795,0.018585666666666667,0.000753,6,0.0077265,0.011599,1.0,0.02786600833333333
maximum_margin,最大盈利水平,quality,质量类因子," max(margin_stability, DEGM_8y)",6,0.0015421666666666667,0.0003,0.023185166666666663,0.027298,-0.001373,5,0.008914833333333334,0.010914,0.6666666666666666,0.025386925
operating_profit_ratio,营业利润率,quality,质量类因子, 营业利润率=营业利润（TTM）/营业收入（TTM）,6,0.004853666666666667,0.001168,0.06022433333333333,0.018717833333333333,-0.001512,5,0.007828,0.011642,1.0,0.024914127777777777
operating_profit_to_operating_revenue,营业利润与营业总收入之比,quality,质量类因子, 营业利润与营业总收入之比=营业利润（TTM）/营业总收入（TTM）,6,0.005169833333333333,0.00129,0.06321283333333333,0.0171715,-0.004695,5,0.007579666666666668,0.011546,1.0,0.024270266666666665
Kurtosis60,个股收益的60日峰度,risk,风险类因子, 取61个交易日的收盘价数据，计算日收益率，再计算其峰度值,6,0.0014780000000000001,0.000392,0.019619166666666667,0.018384833333333333,-0.007785,5,0.06952366666666666,0.071935,1.0,0.014800511111111109
